ID; Nazwa; Cena; Obrazy; Opis; Cechy; Aktywność; Ilość; W sprzedaży ;Kategoria
264;Bluza adidas Youth Boys Big Logo Crew Neck Sweat "Grey";149.99;https://img.citysport.com.pl/product_img_thumbs_position/cbx350x525/CE8649_APP_photo_back_white.jpg,https://img.citysport.com.pl/product_img_thumbs_position/cbx350x525/CE8649_APP_photo_front_white~1.jpg;Bluza Dziecięca;Rozmiary:  164  176 152, Kolor: Szary, Sezon: Jesień/Zima;1;200;1;Odzież dziecięca
265;Bluza Asics Full Zip Hoody "Black";109.99;https://img.citysport.com.pl/product_img_thumbs_position/cbx350x525/110404JR0904__1__kafel~1.jpg,https://img.citysport.com.pl/product_img_thumbs_position/cbx350x525/110404JR0904__2_.jpg;Bluza Dziecięca;Rozmiary:  128  140  152  164 116, Kolor: Czarny, Sezon: Wiosna/Lato;1;200;1;Odzież dziecięca
266;Bluza Asics Full Zip Hoody "Blue";129.99;https://img.citysport.com.pl/product_img_thumbs_position/cbx350x525/110404JR8052__1__kafel~1.jpg,https://img.citysport.com.pl/product_img_thumbs_position/cbx350x525/110404JR8052__2_.jpg;Bluza Dziecięca;Rozmiary:  128  140  152  164 116, Kolor: Niebieski, Sezon: Wiosna/Lato;1;200;1;Odzież dziecięca
267;Bluza Reebok Boys Essentials Over Head Hoody "Medium Gredy Heather";119.99;https://img.citysport.com.pl/product_img_thumbs_position/cbx350x525/Reebok_Bluza_Boys_Essentials_Over_Head_Hoody_BK4242__1_kafel_~2.jpg,https://img.citysport.com.pl/product_img_thumbs_position/cbx350x525/Reebok_Bluza_Boys_Essentials_Over_Head_Hoody_BK4242__2_.jpg;Bluza Dziecięca;Rozmiary:  152  164 140, Kolor: Szary, Sezon: Wiosna/Lato;1;200;1;Odzież dziecięca
268;Bluza adidas Zipped Hoodie "Medium Grey";139.99;https://img.citysport.com.pl/product_img_thumbs_position/cbx350x525/bluza_adidas_Zipped_Hoodie_BJ8961_APP_photo_back_white.jpg,https://img.citysport.com.pl/product_img_thumbs_position/cbx350x525/bluza_adidas_Zipped_Hoodie_BJ8961_APP_photo_front_white_kafel~1.jpg;Bluza Dziecięca;Rozmiary:  152 140, Kolor: Szary, Sezon: Wiosna/Lato;1;200;1;Odzież dziecięca
269;Nike Bluza Dziecięca NSW Hoodie FZ Club;149.99;https://img.citysport.com.pl/product_img_thumbs_position/cbx350x525/nike_b_nsw_hoodie_fz_club_805499_063__1_.jpg,https://img.citysport.com.pl/product_img_thumbs_position/cbx350x525/nike_b_nsw_hoodie_fz_club_805499_063__2_.jpg;Bluza Dziecięca;Rozmiary:  158  170 146, Kolor: Szary, Sezon: Wiosna/Lato;1;200;1;Odzież dziecięca
270;Nike Bluza Dziecięca NSW Hoodie FZ Club;119.99;https://img.citysport.com.pl/product_img_thumbs_position/cbx350x525/nike_b_nsw_hoodie_fz_club_805499_010__1_.jpg,https://img.citysport.com.pl/product_img_thumbs_position/cbx350x525/nike_b_nsw_hoodie_fz_club_805499_010__2_.jpg;Bluza Dziecięca;Rozmiary: 146, Kolor: Czarny, Sezon: Jesień/Zima;1;200;1;Odzież dziecięca
271;Puma Bluza Dziecięca Fun Tom & Jerry Sweat Jkt;89.99;https://img.citysport.com.pl/product_img_thumbs_position/cbx350x525/puma_fun_tom_jerry_sweat_83210501__1_.jpg,https://img.citysport.com.pl/product_img_thumbs_position/cbx350x525/puma_fun_tom_jerry_sweat_83210501__2_.jpg;Bluza Dziecięca;Rozmiary:  110 104, Kolor: Granatowy, Sezon: Jesień/Zima;1;200;1;Odzież dziecięca
272;Vans Bluza Dziecięca Ravenwood Boys;89.99;https://img.citysport.com.pl/product_img_thumbs_position/cbx350x525/vans_ravenwood_boys_VOVQ4OU__1_.jpg,https://img.citysport.com.pl/product_img_thumbs_position/cbx350x525/vans_ravenwood_boys_VOVQ4OU__3_.jpg;Bluza Dziecięca;Rozmiary:  146  158  170 134, Kolor: Szary, Sezon: Wiosna/Lato;1;200;1;Odzież dziecięca
273;Kappa Bluza Dziecięca Wenke;49.99;https://img.citysport.com.pl/product_img_thumbs_position/cbx350x525/kappa_wenke_303544J514__1_.jpg,https://img.citysport.com.pl/product_img_thumbs_position/cbx350x525/kappa_wenke_303544J514__2_.jpg;Bluza Dziecięca;Rozmiary: 176, Kolor: Różowy, Sezon: Wiosna/Lato;1;200;1;Odzież dziecięca
274;adidas Bluza Dziecięca YG W ST FZ HD;119.99;https://img.citysport.com.pl/product_img_thumbs_position/cbx350x525/adidas_yg_w_st_fz_hd_S21626__1_.jpg,https://img.citysport.com.pl/product_img_thumbs_position/cbx350x525/adidas_yg_w_st_fz_hd_S21626__2_.jpg;Bluza Dziecięca;Rozmiary:  128  140  152 116, Kolor: Czarny, Sezon: Wiosna/Lato;1;200;1;Odzież dziecięca
275;Puma Bluza Dziecięca Hooded Sweat Jacket;59.99;https://img.citysport.com.pl/product_img_thumbs_position/cbx350x525/puma_hooded_sweat_jacket_55113802__1_.jpg,https://img.citysport.com.pl/product_img_thumbs_position/cbx350x525/puma_hooded_sweat_jacket_55113802__2_.jpg;Bluza Dziecięca;Rozmiary:  152 116, Kolor: Zielony, Sezon: Jesień/Zima;1;200;1;Odzież dziecięca
276;Reebok Bluza Dziecięca B Crew Gr Sweat;59.99;https://img.citysport.com.pl/product_img_thumbs_position/cbx350x525/reebok_b_crew_gr_sweat_W57576__1_.jpg,https://img.citysport.com.pl/product_img_thumbs_position/cbx350x525/reebok_b_crew_gr_sweat_W57576__4_.jpg;Bluza Dziecięca;Rozmiary: 80, Kolor: Szary, Sezon: Jesień/Zima;1;200;1;Odzież dziecięca
277;Bluza Puma Trend Jacket;59.99;https://img.citysport.com.pl/product_img_thumbs_position/cbx350x525/puma_trend_jacket_55801901__1_.jpg,https://img.citysport.com.pl/product_img_thumbs_position/cbx350x525/puma_trend_jacket_55801901__5_.jpg;Bluza Dziecięca;Rozmiary: 176, Kolor: Czarny, Sezon: Jesień/Zima;1;200;1;Odzież dziecięca
278;Bluza adidas Youth Boys Big Logo Crew Neck Sweat "Grey";149.99;https://img.citysport.com.pl/product_img_thumbs_position/cbx350x525/CE8649_APP_photo_back_white.jpg,https://img.citysport.com.pl/product_img_thumbs_position/cbx350x525/CE8649_APP_photo_front_white~1.jpg;Bluza Dziecięca;Rozmiary:  164  176 152, Kolor: Szary, Sezon: Jesień/Zima;1;200;1;Odzież dziecięca
279;Bluza Asics Full Zip Hoody "Black";109.99;https://img.citysport.com.pl/product_img_thumbs_position/cbx350x525/110404JR0904__1__kafel~1.jpg,https://img.citysport.com.pl/product_img_thumbs_position/cbx350x525/110404JR0904__2_.jpg;Bluza Dziecięca;Rozmiary:  128  140  152  164 116, Kolor: Czarny, Sezon: Wiosna/Lato;1;200;1;Odzież dziecięca
280;Bluza Asics Full Zip Hoody "Blue";129.99;https://img.citysport.com.pl/product_img_thumbs_position/cbx350x525/110404JR8052__1__kafel~1.jpg,https://img.citysport.com.pl/product_img_thumbs_position/cbx350x525/110404JR8052__2_.jpg;Bluza Dziecięca;Rozmiary:  128  140  152  164 116, Kolor: Niebieski, Sezon: Wiosna/Lato;1;200;1;Odzież dziecięca
281;Bluza Reebok Boys Essentials Over Head Hoody "Medium Gredy Heather";119.99;https://img.citysport.com.pl/product_img_thumbs_position/cbx350x525/Reebok_Bluza_Boys_Essentials_Over_Head_Hoody_BK4242__1_kafel_~2.jpg,https://img.citysport.com.pl/product_img_thumbs_position/cbx350x525/Reebok_Bluza_Boys_Essentials_Over_Head_Hoody_BK4242__2_.jpg;Bluza Dziecięca;Rozmiary:  152  164 140, Kolor: Szary, Sezon: Wiosna/Lato;1;200;1;Odzież dziecięca
282;Bluza adidas Zipped Hoodie "Medium Grey";139.99;https://img.citysport.com.pl/product_img_thumbs_position/cbx350x525/bluza_adidas_Zipped_Hoodie_BJ8961_APP_photo_back_white.jpg,https://img.citysport.com.pl/product_img_thumbs_position/cbx350x525/bluza_adidas_Zipped_Hoodie_BJ8961_APP_photo_front_white_kafel~1.jpg;Bluza Dziecięca;Rozmiary:  152 140, Kolor: Szary, Sezon: Wiosna/Lato;1;200;1;Odzież dziecięca
283;Nike Bluza Dziecięca NSW Hoodie FZ Club;149.99;https://img.citysport.com.pl/product_img_thumbs_position/cbx350x525/nike_b_nsw_hoodie_fz_club_805499_063__1_.jpg,https://img.citysport.com.pl/product_img_thumbs_position/cbx350x525/nike_b_nsw_hoodie_fz_club_805499_063__2_.jpg;Bluza Dziecięca;Rozmiary:  158  170 146, Kolor: Szary, Sezon: Wiosna/Lato;1;200;1;Odzież dziecięca
284;Nike Bluza Dziecięca NSW Hoodie FZ Club;119.99;https://img.citysport.com.pl/product_img_thumbs_position/cbx350x525/nike_b_nsw_hoodie_fz_club_805499_010__1_.jpg,https://img.citysport.com.pl/product_img_thumbs_position/cbx350x525/nike_b_nsw_hoodie_fz_club_805499_010__2_.jpg;Bluza Dziecięca;Rozmiary: 146, Kolor: Czarny, Sezon: Jesień/Zima;1;200;1;Odzież dziecięca
285;Puma Bluza Dziecięca Fun Tom & Jerry Sweat Jkt;89.99;https://img.citysport.com.pl/product_img_thumbs_position/cbx350x525/puma_fun_tom_jerry_sweat_83210501__1_.jpg,https://img.citysport.com.pl/product_img_thumbs_position/cbx350x525/puma_fun_tom_jerry_sweat_83210501__2_.jpg;Bluza Dziecięca;Rozmiary:  110 104, Kolor: Granatowy, Sezon: Jesień/Zima;1;200;1;Odzież dziecięca
286;Vans Bluza Dziecięca Ravenwood Boys;89.99;https://img.citysport.com.pl/product_img_thumbs_position/cbx350x525/vans_ravenwood_boys_VOVQ4OU__1_.jpg,https://img.citysport.com.pl/product_img_thumbs_position/cbx350x525/vans_ravenwood_boys_VOVQ4OU__3_.jpg;Bluza Dziecięca;Rozmiary:  146  158  170 134, Kolor: Szary, Sezon: Wiosna/Lato;1;200;1;Odzież dziecięca
287;Kappa Bluza Dziecięca Wenke;49.99;https://img.citysport.com.pl/product_img_thumbs_position/cbx350x525/kappa_wenke_303544J514__1_.jpg,https://img.citysport.com.pl/product_img_thumbs_position/cbx350x525/kappa_wenke_303544J514__2_.jpg;Bluza Dziecięca;Rozmiary: 176, Kolor: Różowy, Sezon: Wiosna/Lato;1;200;1;Odzież dziecięca
288;adidas Bluza Dziecięca YG W ST FZ HD;119.99;https://img.citysport.com.pl/product_img_thumbs_position/cbx350x525/adidas_yg_w_st_fz_hd_S21626__1_.jpg,https://img.citysport.com.pl/product_img_thumbs_position/cbx350x525/adidas_yg_w_st_fz_hd_S21626__2_.jpg;Bluza Dziecięca;Rozmiary:  128  140  152 116, Kolor: Czarny, Sezon: Wiosna/Lato;1;200;1;Odzież dziecięca
289;Puma Bluza Dziecięca Hooded Sweat Jacket;59.99;https://img.citysport.com.pl/product_img_thumbs_position/cbx350x525/puma_hooded_sweat_jacket_55113802__1_.jpg,https://img.citysport.com.pl/product_img_thumbs_position/cbx350x525/puma_hooded_sweat_jacket_55113802__2_.jpg;Bluza Dziecięca;Rozmiary:  152 116, Kolor: Zielony, Sezon: Jesień/Zima;1;200;1;Odzież dziecięca
290;Reebok Bluza Dziecięca B Crew Gr Sweat;59.99;https://img.citysport.com.pl/product_img_thumbs_position/cbx350x525/reebok_b_crew_gr_sweat_W57576__1_.jpg,https://img.citysport.com.pl/product_img_thumbs_position/cbx350x525/reebok_b_crew_gr_sweat_W57576__4_.jpg;Bluza Dziecięca;Rozmiary: 80, Kolor: Szary, Sezon: Jesień/Zima;1;200;1;Odzież dziecięca
291;Bluza Puma Trend Jacket;59.99;https://img.citysport.com.pl/product_img_thumbs_position/cbx350x525/puma_trend_jacket_55801901__1_.jpg,https://img.citysport.com.pl/product_img_thumbs_position/cbx350x525/puma_trend_jacket_55801901__5_.jpg;Bluza Dziecięca;Rozmiary: 176, Kolor: Czarny, Sezon: Jesień/Zima;1;200;1;Odzież dziecięca
292;Bluza adidas Youth Boys Big Logo Crew Neck Sweat "Grey";149.99;https://img.citysport.com.pl/product_img_thumbs_position/cbx350x525/CE8649_APP_photo_back_white.jpg,https://img.citysport.com.pl/product_img_thumbs_position/cbx350x525/CE8649_APP_photo_front_white~1.jpg;Bluza Dziecięca;Rozmiary:  164  176 152, Kolor: Szary, Sezon: Jesień/Zima;1;200;1;Odzież dziecięca
293;Bluza Asics Full Zip Hoody "Black";109.99;https://img.citysport.com.pl/product_img_thumbs_position/cbx350x525/110404JR0904__1__kafel~1.jpg,https://img.citysport.com.pl/product_img_thumbs_position/cbx350x525/110404JR0904__2_.jpg;Bluza Dziecięca;Rozmiary:  128  140  152  164 116, Kolor: Czarny, Sezon: Wiosna/Lato;1;200;1;Odzież dziecięca
294;Bluza Asics Full Zip Hoody "Blue";129.99;https://img.citysport.com.pl/product_img_thumbs_position/cbx350x525/110404JR8052__1__kafel~1.jpg,https://img.citysport.com.pl/product_img_thumbs_position/cbx350x525/110404JR8052__2_.jpg;Bluza Dziecięca;Rozmiary:  128  140  152  164 116, Kolor: Niebieski, Sezon: Wiosna/Lato;1;200;1;Odzież dziecięca
295;Bluza Reebok Boys Essentials Over Head Hoody "Medium Gredy Heather";119.99;https://img.citysport.com.pl/product_img_thumbs_position/cbx350x525/Reebok_Bluza_Boys_Essentials_Over_Head_Hoody_BK4242__1_kafel_~2.jpg,https://img.citysport.com.pl/product_img_thumbs_position/cbx350x525/Reebok_Bluza_Boys_Essentials_Over_Head_Hoody_BK4242__2_.jpg;Bluza Dziecięca;Rozmiary:  152  164 140, Kolor: Szary, Sezon: Wiosna/Lato;1;200;1;Odzież dziecięca
296;Bluza adidas Zipped Hoodie "Medium Grey";139.99;https://img.citysport.com.pl/product_img_thumbs_position/cbx350x525/bluza_adidas_Zipped_Hoodie_BJ8961_APP_photo_back_white.jpg,https://img.citysport.com.pl/product_img_thumbs_position/cbx350x525/bluza_adidas_Zipped_Hoodie_BJ8961_APP_photo_front_white_kafel~1.jpg;Bluza Dziecięca;Rozmiary:  152 140, Kolor: Szary, Sezon: Wiosna/Lato;1;200;1;Odzież dziecięca
297;Nike Bluza Dziecięca NSW Hoodie FZ Club;149.99;https://img.citysport.com.pl/product_img_thumbs_position/cbx350x525/nike_b_nsw_hoodie_fz_club_805499_063__1_.jpg,https://img.citysport.com.pl/product_img_thumbs_position/cbx350x525/nike_b_nsw_hoodie_fz_club_805499_063__2_.jpg;Bluza Dziecięca;Rozmiary:  158  170 146, Kolor: Szary, Sezon: Wiosna/Lato;1;200;1;Odzież dziecięca
298;Nike Bluza Dziecięca NSW Hoodie FZ Club;119.99;https://img.citysport.com.pl/product_img_thumbs_position/cbx350x525/nike_b_nsw_hoodie_fz_club_805499_010__1_.jpg,https://img.citysport.com.pl/product_img_thumbs_position/cbx350x525/nike_b_nsw_hoodie_fz_club_805499_010__2_.jpg;Bluza Dziecięca;Rozmiary: 146, Kolor: Czarny, Sezon: Jesień/Zima;1;200;1;Odzież dziecięca
299;Puma Bluza Dziecięca Fun Tom & Jerry Sweat Jkt;89.99;https://img.citysport.com.pl/product_img_thumbs_position/cbx350x525/puma_fun_tom_jerry_sweat_83210501__1_.jpg,https://img.citysport.com.pl/product_img_thumbs_position/cbx350x525/puma_fun_tom_jerry_sweat_83210501__2_.jpg;Bluza Dziecięca;Rozmiary:  110 104, Kolor: Granatowy, Sezon: Jesień/Zima;1;200;1;Odzież dziecięca
300;Vans Bluza Dziecięca Ravenwood Boys;89.99;https://img.citysport.com.pl/product_img_thumbs_position/cbx350x525/vans_ravenwood_boys_VOVQ4OU__1_.jpg,https://img.citysport.com.pl/product_img_thumbs_position/cbx350x525/vans_ravenwood_boys_VOVQ4OU__3_.jpg;Bluza Dziecięca;Rozmiary:  146  158  170 134, Kolor: Szary, Sezon: Wiosna/Lato;1;200;1;Odzież dziecięca
301;Kappa Bluza Dziecięca Wenke;49.99;https://img.citysport.com.pl/product_img_thumbs_position/cbx350x525/kappa_wenke_303544J514__1_.jpg,https://img.citysport.com.pl/product_img_thumbs_position/cbx350x525/kappa_wenke_303544J514__2_.jpg;Bluza Dziecięca;Rozmiary: 176, Kolor: Różowy, Sezon: Wiosna/Lato;1;200;1;Odzież dziecięca
302;adidas Bluza Dziecięca YG W ST FZ HD;119.99;https://img.citysport.com.pl/product_img_thumbs_position/cbx350x525/adidas_yg_w_st_fz_hd_S21626__1_.jpg,https://img.citysport.com.pl/product_img_thumbs_position/cbx350x525/adidas_yg_w_st_fz_hd_S21626__2_.jpg;Bluza Dziecięca;Rozmiary:  128  140  152 116, Kolor: Czarny, Sezon: Wiosna/Lato;1;200;1;Odzież dziecięca
303;Puma Bluza Dziecięca Hooded Sweat Jacket;59.99;https://img.citysport.com.pl/product_img_thumbs_position/cbx350x525/puma_hooded_sweat_jacket_55113802__1_.jpg,https://img.citysport.com.pl/product_img_thumbs_position/cbx350x525/puma_hooded_sweat_jacket_55113802__2_.jpg;Bluza Dziecięca;Rozmiary:  152 116, Kolor: Zielony, Sezon: Jesień/Zima;1;200;1;Odzież dziecięca
304;Reebok Bluza Dziecięca B Crew Gr Sweat;59.99;https://img.citysport.com.pl/product_img_thumbs_position/cbx350x525/reebok_b_crew_gr_sweat_W57576__1_.jpg,https://img.citysport.com.pl/product_img_thumbs_position/cbx350x525/reebok_b_crew_gr_sweat_W57576__4_.jpg;Bluza Dziecięca;Rozmiary: 80, Kolor: Szary, Sezon: Jesień/Zima;1;200;1;Odzież dziecięca
305;Bluza Puma Trend Jacket;59.99;https://img.citysport.com.pl/product_img_thumbs_position/cbx350x525/puma_trend_jacket_55801901__1_.jpg,https://img.citysport.com.pl/product_img_thumbs_position/cbx350x525/puma_trend_jacket_55801901__5_.jpg;Bluza Dziecięca;Rozmiary: 176, Kolor: Czarny, Sezon: Jesień/Zima;1;200;1;Odzież dziecięca
306;Bluza adidas Youth Boys Big Logo Crew Neck Sweat "Grey";149.99;https://img.citysport.com.pl/product_img_thumbs_position/cbx350x525/CE8649_APP_photo_back_white.jpg,https://img.citysport.com.pl/product_img_thumbs_position/cbx350x525/CE8649_APP_photo_front_white~1.jpg;Bluza Dziecięca;Rozmiary:  164  176 152, Kolor: Szary, Sezon: Jesień/Zima;1;200;1;Odzież dziecięca
307;Bluza Asics Full Zip Hoody "Black";109.99;https://img.citysport.com.pl/product_img_thumbs_position/cbx350x525/110404JR0904__1__kafel~1.jpg,https://img.citysport.com.pl/product_img_thumbs_position/cbx350x525/110404JR0904__2_.jpg;Bluza Dziecięca;Rozmiary:  128  140  152  164 116, Kolor: Czarny, Sezon: Wiosna/Lato;1;200;1;Odzież dziecięca
308;Bluza Asics Full Zip Hoody "Blue";129.99;https://img.citysport.com.pl/product_img_thumbs_position/cbx350x525/110404JR8052__1__kafel~1.jpg,https://img.citysport.com.pl/product_img_thumbs_position/cbx350x525/110404JR8052__2_.jpg;Bluza Dziecięca;Rozmiary:  128  140  152  164 116, Kolor: Niebieski, Sezon: Wiosna/Lato;1;200;1;Odzież dziecięca
309;Bluza Reebok Boys Essentials Over Head Hoody "Medium Gredy Heather";119.99;https://img.citysport.com.pl/product_img_thumbs_position/cbx350x525/Reebok_Bluza_Boys_Essentials_Over_Head_Hoody_BK4242__1_kafel_~2.jpg,https://img.citysport.com.pl/product_img_thumbs_position/cbx350x525/Reebok_Bluza_Boys_Essentials_Over_Head_Hoody_BK4242__2_.jpg;Bluza Dziecięca;Rozmiary:  152  164 140, Kolor: Szary, Sezon: Wiosna/Lato;1;200;1;Odzież dziecięca
310;Bluza adidas Zipped Hoodie "Medium Grey";139.99;https://img.citysport.com.pl/product_img_thumbs_position/cbx350x525/bluza_adidas_Zipped_Hoodie_BJ8961_APP_photo_back_white.jpg,https://img.citysport.com.pl/product_img_thumbs_position/cbx350x525/bluza_adidas_Zipped_Hoodie_BJ8961_APP_photo_front_white_kafel~1.jpg;Bluza Dziecięca;Rozmiary:  152 140, Kolor: Szary, Sezon: Wiosna/Lato;1;200;1;Odzież dziecięca
311;Nike Bluza Dziecięca NSW Hoodie FZ Club;149.99;https://img.citysport.com.pl/product_img_thumbs_position/cbx350x525/nike_b_nsw_hoodie_fz_club_805499_063__1_.jpg,https://img.citysport.com.pl/product_img_thumbs_position/cbx350x525/nike_b_nsw_hoodie_fz_club_805499_063__2_.jpg;Bluza Dziecięca;Rozmiary:  158  170 146, Kolor: Szary, Sezon: Wiosna/Lato;1;200;1;Odzież dziecięca
312;Nike Bluza Dziecięca NSW Hoodie FZ Club;119.99;https://img.citysport.com.pl/product_img_thumbs_position/cbx350x525/nike_b_nsw_hoodie_fz_club_805499_010__1_.jpg,https://img.citysport.com.pl/product_img_thumbs_position/cbx350x525/nike_b_nsw_hoodie_fz_club_805499_010__2_.jpg;Bluza Dziecięca;Rozmiary: 146, Kolor: Czarny, Sezon: Jesień/Zima;1;200;1;Odzież dziecięca
313;Puma Bluza Dziecięca Fun Tom & Jerry Sweat Jkt;89.99;https://img.citysport.com.pl/product_img_thumbs_position/cbx350x525/puma_fun_tom_jerry_sweat_83210501__1_.jpg,https://img.citysport.com.pl/product_img_thumbs_position/cbx350x525/puma_fun_tom_jerry_sweat_83210501__2_.jpg;Bluza Dziecięca;Rozmiary:  110 104, Kolor: Granatowy, Sezon: Jesień/Zima;1;200;1;Odzież dziecięca
314;Vans Bluza Dziecięca Ravenwood Boys;89.99;https://img.citysport.com.pl/product_img_thumbs_position/cbx350x525/vans_ravenwood_boys_VOVQ4OU__1_.jpg,https://img.citysport.com.pl/product_img_thumbs_position/cbx350x525/vans_ravenwood_boys_VOVQ4OU__3_.jpg;Bluza Dziecięca;Rozmiary:  146  158  170 134, Kolor: Szary, Sezon: Wiosna/Lato;1;200;1;Odzież dziecięca
315;Kappa Bluza Dziecięca Wenke;49.99;https://img.citysport.com.pl/product_img_thumbs_position/cbx350x525/kappa_wenke_303544J514__1_.jpg,https://img.citysport.com.pl/product_img_thumbs_position/cbx350x525/kappa_wenke_303544J514__2_.jpg;Bluza Dziecięca;Rozmiary: 176, Kolor: Różowy, Sezon: Wiosna/Lato;1;200;1;Odzież dziecięca
316;adidas Bluza Dziecięca YG W ST FZ HD;119.99;https://img.citysport.com.pl/product_img_thumbs_position/cbx350x525/adidas_yg_w_st_fz_hd_S21626__1_.jpg,https://img.citysport.com.pl/product_img_thumbs_position/cbx350x525/adidas_yg_w_st_fz_hd_S21626__2_.jpg;Bluza Dziecięca;Rozmiary:  128  140  152 116, Kolor: Czarny, Sezon: Wiosna/Lato;1;200;1;Odzież dziecięca
317;Puma Bluza Dziecięca Hooded Sweat Jacket;59.99;https://img.citysport.com.pl/product_img_thumbs_position/cbx350x525/puma_hooded_sweat_jacket_55113802__1_.jpg,https://img.citysport.com.pl/product_img_thumbs_position/cbx350x525/puma_hooded_sweat_jacket_55113802__2_.jpg;Bluza Dziecięca;Rozmiary:  152 116, Kolor: Zielony, Sezon: Jesień/Zima;1;200;1;Odzież dziecięca
318;Reebok Bluza Dziecięca B Crew Gr Sweat;59.99;https://img.citysport.com.pl/product_img_thumbs_position/cbx350x525/reebok_b_crew_gr_sweat_W57576__1_.jpg,https://img.citysport.com.pl/product_img_thumbs_position/cbx350x525/reebok_b_crew_gr_sweat_W57576__4_.jpg;Bluza Dziecięca;Rozmiary: 80, Kolor: Szary, Sezon: Jesień/Zima;1;200;1;Odzież dziecięca
319;Bluza Puma Trend Jacket;59.99;https://img.citysport.com.pl/product_img_thumbs_position/cbx350x525/puma_trend_jacket_55801901__1_.jpg,https://img.citysport.com.pl/product_img_thumbs_position/cbx350x525/puma_trend_jacket_55801901__5_.jpg;Bluza Dziecięca;Rozmiary: 176, Kolor: Czarny, Sezon: Jesień/Zima;1;200;1;Odzież dziecięca
320;Dres Nike NSW TRK SUIT BF "Black";239.99;https://img.citysport.com.pl/product_img_thumbs_position/cbx350x525/830562_010_PHCBH001_3144.jpg,https://img.citysport.com.pl/product_img_thumbs_position/cbx350x525/830562_010_PHCFH001_3144_kafel~1.jpg;Dres Dziecięcy;Rozmiary: XL, Kolor: Czarny, Sezon: Wiosna/Lato;1;200;1;Odzież dziecięca
321;Dresy adidas I TRF FT SST "Black";229.99;https://img.citysport.com.pl/product_img_thumbs_position/cbx350x525/dresy_adidas_I_TRF_FT_SST_BK5751_APP_photo_back_top_part_white.jpg,https://img.citysport.com.pl/product_img_thumbs_position/cbx350x525/dresy_adidas_I_TRF_FT_SST_BK5751_APP_photo_front_white_kafel~1.jpg;Dres Dziecięcy;Rozmiary:  104  110  116 98, Kolor: Czarny, Sezon: Wiosna/Lato;1;200;1;Odzież dziecięca
322;Dresy adidas I TRF FT SST "Medium Grey";199.99;https://img.citysport.com.pl/product_img_thumbs_position/cbx350x525/dresy_adidas_I_TRF_FT_SST_BK4630_APP_photo_back_top_part_white.jpg,https://img.citysport.com.pl/product_img_thumbs_position/cbx350x525/dresy_adidas_I_TRF_FT_SST_BK4630_APP_photo_front_white_kafel~1.jpg;Dres Dziecięcy;Rozmiary:  104  110  116 98, Kolor: Szary, Sezon: Wiosna/Lato;1;200;1;Odzież dziecięca
323;Puma Dres Dziecięcy Fun Hooded Sweat Suit;119.99;https://img.citysport.com.pl/product_img_thumbs_position/cbx350x525/puma_fun_hooded_sweat_suit_83236302__1_.jpg,https://img.citysport.com.pl/product_img_thumbs_position/cbx350x525/puma_fun_hooded_sweat_suit_83236302__2_.jpg;Dres Dziecięcy;Rozmiary:  164 152, Kolor: Szary , Różowy, Sezon: Wiosna/Lato;1;200;1;Odzież dziecięca
324;Kappa Dres Dziecięcy Ephraim;69.99;https://img.citysport.com.pl/product_img_thumbs_position/cbx350x525/kappa_ephraim_702759J304__1_.jpg,https://img.citysport.com.pl/product_img_thumbs_position/cbx350x525/kappa_ephraim_702759J304__2_.jpg;Dres Dziecięcy;Rozmiary: 176, Kolor: Czarny , Zielony, Sezon: Wiosna/Lato;1;200;1;Odzież dziecięca
325;Kappa Dres Dziecięcy Till Kids;69.99;https://img.citysport.com.pl/product_img_thumbs_position/cbx350x525/kappa_till_kids_303307J895__1_.jpg,https://img.citysport.com.pl/product_img_thumbs_position/cbx350x525/kappa_till_kids_303307J895__2_.jpg;Dres Dziecięcy;Rozmiary: 176, Kolor: Czarny , Niebieski, Sezon: Wiosna/Lato;1;200;1;Odzież dziecięca
326;Nike Dres Dziecięcy YA ADJ Wvn GPX II Wup Yth Were;159.99;https://img.citysport.com.pl/product_img_thumbs_position/cbx350x525/nike_ya_adj_wvn_gpx_wup_yth_were_724287_451__1_.jpg,https://img.citysport.com.pl/product_img_thumbs_position/cbx350x525/nike_ya_adj_wvn_gpx_wup_yth_were_724287_451__2_.jpg;Dres Dziecięcy;Rozmiary:  158  170 146, Kolor: Granatowy, Sezon: Wiosna/Lato;1;200;1;Odzież dziecięca
327;Reebok Dres Dziecięcy Tricot Tracksuit;79.99;https://img.citysport.com.pl/product_img_thumbs_position/cbx350x525/reebok_tricot_tracksuit_S49435__1_.jpg,https://img.citysport.com.pl/product_img_thumbs_position/cbx350x525/reebok_tricot_tracksuit_S49435__2_.jpg;Dres Dziecięcy;Rozmiary:  164  176 116, Kolor: Czarny , Czerwony, Sezon: Wiosna/Lato;1;200;1;Odzież dziecięca
328;Reebok Dres Dziecięcy Tricot Tracksuit;79.99;https://img.citysport.com.pl/product_img_thumbs_position/cbx350x525/reebok_tricot_tracksuit_S49448__1_.jpg,https://img.citysport.com.pl/product_img_thumbs_position/cbx350x525/reebok_tricot_tracksuit_S49448__2_.jpg;Dres Dziecięcy;Rozmiary:  152  164  176 116, Kolor: Różowy , Granatowy, Sezon: Wiosna/Lato;1;200;1;Odzież dziecięca
329;Reebok Dres Dziecięcy Tricot Tracksuit;79.99;https://img.citysport.com.pl/product_img_thumbs_position/cbx350x525/reebok_tricot_tracksuit_S49434__1_.jpg,https://img.citysport.com.pl/product_img_thumbs_position/cbx350x525/reebok_tricot_tracksuit_S49434__2_.jpg;Dres Dziecięcy;Rozmiary:  164  176 116, Kolor: Niebieski , Granatowy, Sezon: Wiosna/Lato;1;200;1;Odzież dziecięca
330;Reebok Dres Dziecięcy Tricot Tracksuit;79.99;https://img.citysport.com.pl/product_img_thumbs_position/cbx350x525/reebok_tricot_tracksuit_S49446__1_.jpg,https://img.citysport.com.pl/product_img_thumbs_position/cbx350x525/reebok_tricot_tracksuit_S49446__2_.jpg;Dres Dziecięcy;Rozmiary:  140  152  164  176 116, Kolor: Czarny , Różowy, Sezon: Wiosna/Lato;1;200;1;Odzież dziecięca
331;Reebok Dres Dziecięcy Tricot Tracksuit;79.99;https://img.citysport.com.pl/product_img_thumbs_position/cbx350x525/reebok_tricot_tracksuit_S49438__1_.jpg,https://img.citysport.com.pl/product_img_thumbs_position/cbx350x525/reebok_tricot_tracksuit_S49438__2_.jpg;Dres Dziecięcy;Rozmiary:  176 164, Kolor: Żółty , Grafitowy, Sezon: Wiosna/Lato;1;200;1;Odzież dziecięca
332;Reebok Dres Dziecięcy Tricot Tracksuit;79.99;https://img.citysport.com.pl/product_img_thumbs_position/cbx350x525/reebok_tricot_tracksuit_S49444__1_.jpg,https://img.citysport.com.pl/product_img_thumbs_position/cbx350x525/reebok_tricot_tracksuit_S49444__2_.jpg;Dres Dziecięcy;Rozmiary:  116  128  140  152  164  176 104, Kolor: Czarny , Fioletowy, Sezon: Wiosna/Lato;1;200;1;Odzież dziecięca
333;Nike Dres Dziecięcy;99.99;https://img.citysport.com.pl/product_img_thumbs_position/cbx350x525/nike_506208_071__1_.jpg,https://img.citysport.com.pl/product_img_thumbs_position/cbx350x525/nike_506208_071__2_.jpg;Dres Dziecięcy;Rozmiary:  158  170 146, Kolor: Szary , Różowy, Sezon: Wiosna/Lato;1;200;1;Odzież dziecięca
334;Nike Dres Dziecięcy Sporting Excellence;99.99;https://img.citysport.com.pl/product_img_thumbs_position/cbx350x525/nike_sporting_excellence_506208_507__1_.jpg,https://img.citysport.com.pl/product_img_thumbs_position/cbx350x525/nike_sporting_excellence_506208_507__4_.jpg;Dres Dziecięcy;Rozmiary:  146  158  170 134, Kolor: Czarny , Szary , Różowy, Sezon: Jesień/Zima;1;200;1;Odzież dziecięca
335;Reebok Dresy Dziecięce B TS Woven OH;99.99;https://img.citysport.com.pl/product_img_thumbs_position/cbx350x525/reebok_b_ts_woven_oh_Z23190__1_.jpg,https://img.citysport.com.pl/product_img_thumbs_position/cbx350x525/reebok_b_ts_woven_oh_Z23190__5_.jpg;Dres Dziecięcy;Rozmiary: 176, Kolor: Czarny , Biały, Sezon: Wiosna/Lato;1;200;1;Odzież dziecięca
336;Nike Dres Dziecięcy Lux Warm UP BK;99.99;https://img.citysport.com.pl/product_img_thumbs_position/cbx350x525/nike_lux_warm_up_bk_508514_451__10_.jpg,https://img.citysport.com.pl/product_img_thumbs_position/cbx350x525/nike_lux_warm_up_bk_508514_451__6_.jpg;Dres Dziecięcy;Rozmiary: 170, Kolor: Granatowy, Sezon: Jesień/Zima;1;200;1;Odzież dziecięca
337;Nike Dres Dziecięcy Stripe Velur;99.99;https://img.citysport.com.pl/product_img_thumbs_position/cbx350x525/nike_striped_velur_481539_010__1_.jpg,https://img.citysport.com.pl/product_img_thumbs_position/cbx350x525/nike_striped_velur_481539_010__7_.jpg;Dres Dziecięcy;Rozmiary:  170 146, Kolor: Czarny;1;200;1;Odzież dziecięca
338;Nike Dres Młodzieżowy;99.99;https://img.citysport.com.pl/product_img_thumbs_position/cbx350x525/394113_625.jpg,https://img.citysport.com.pl/product_img_thumbs_position/cbx350x525/394113_625__6_.jpg;Dres Dziecięcy;Rozmiary: 170, Kolor: Różowy , Granatowy;1;200;1;Odzież dziecięca
339;Reebok Dres Dziecięcy Tracksuit;119.99;https://img.citysport.com.pl/product_img_thumbs_position/cbx350x525/796092.jpg,https://img.citysport.com.pl/product_img_thumbs_position/cbx350x525/796092_dres_reebok~1.jpg; ;Rozmiary: 16;1;200;1;Odzież dziecięca
340;Dres Nike NSW TRK SUIT BF "Black";239.99;https://img.citysport.com.pl/product_img_thumbs_position/cbx350x525/830562_010_PHCBH001_3144.jpg,https://img.citysport.com.pl/product_img_thumbs_position/cbx350x525/830562_010_PHCFH001_3144_kafel~1.jpg;Dres Dziecięcy;Rozmiary: XL, Kolor: Czarny, Sezon: Wiosna/Lato;1;200;1;Odzież dziecięca
341;Dresy adidas I TRF FT SST "Black";229.99;https://img.citysport.com.pl/product_img_thumbs_position/cbx350x525/dresy_adidas_I_TRF_FT_SST_BK5751_APP_photo_back_top_part_white.jpg,https://img.citysport.com.pl/product_img_thumbs_position/cbx350x525/dresy_adidas_I_TRF_FT_SST_BK5751_APP_photo_front_white_kafel~1.jpg;Dres Dziecięcy;Rozmiary:  104  110  116 98, Kolor: Czarny, Sezon: Wiosna/Lato;1;200;1;Odzież dziecięca
342;Dresy adidas I TRF FT SST "Medium Grey";199.99;https://img.citysport.com.pl/product_img_thumbs_position/cbx350x525/dresy_adidas_I_TRF_FT_SST_BK4630_APP_photo_back_top_part_white.jpg,https://img.citysport.com.pl/product_img_thumbs_position/cbx350x525/dresy_adidas_I_TRF_FT_SST_BK4630_APP_photo_front_white_kafel~1.jpg;Dres Dziecięcy;Rozmiary:  104  110  116 98, Kolor: Szary, Sezon: Wiosna/Lato;1;200;1;Odzież dziecięca
343;Puma Dres Dziecięcy Fun Hooded Sweat Suit;119.99;https://img.citysport.com.pl/product_img_thumbs_position/cbx350x525/puma_fun_hooded_sweat_suit_83236302__1_.jpg,https://img.citysport.com.pl/product_img_thumbs_position/cbx350x525/puma_fun_hooded_sweat_suit_83236302__2_.jpg;Dres Dziecięcy;Rozmiary:  164 152, Kolor: Szary , Różowy, Sezon: Wiosna/Lato;1;200;1;Odzież dziecięca
344;Kappa Dres Dziecięcy Ephraim;69.99;https://img.citysport.com.pl/product_img_thumbs_position/cbx350x525/kappa_ephraim_702759J304__1_.jpg,https://img.citysport.com.pl/product_img_thumbs_position/cbx350x525/kappa_ephraim_702759J304__2_.jpg;Dres Dziecięcy;Rozmiary: 176, Kolor: Czarny , Zielony, Sezon: Wiosna/Lato;1;200;1;Odzież dziecięca
345;Kappa Dres Dziecięcy Till Kids;69.99;https://img.citysport.com.pl/product_img_thumbs_position/cbx350x525/kappa_till_kids_303307J895__1_.jpg,https://img.citysport.com.pl/product_img_thumbs_position/cbx350x525/kappa_till_kids_303307J895__2_.jpg;Dres Dziecięcy;Rozmiary: 176, Kolor: Czarny , Niebieski, Sezon: Wiosna/Lato;1;200;1;Odzież dziecięca
346;Nike Dres Dziecięcy YA ADJ Wvn GPX II Wup Yth Were;159.99;https://img.citysport.com.pl/product_img_thumbs_position/cbx350x525/nike_ya_adj_wvn_gpx_wup_yth_were_724287_451__1_.jpg,https://img.citysport.com.pl/product_img_thumbs_position/cbx350x525/nike_ya_adj_wvn_gpx_wup_yth_were_724287_451__2_.jpg;Dres Dziecięcy;Rozmiary:  158  170 146, Kolor: Granatowy, Sezon: Wiosna/Lato;1;200;1;Odzież dziecięca
347;Reebok Dres Dziecięcy Tricot Tracksuit;79.99;https://img.citysport.com.pl/product_img_thumbs_position/cbx350x525/reebok_tricot_tracksuit_S49435__1_.jpg,https://img.citysport.com.pl/product_img_thumbs_position/cbx350x525/reebok_tricot_tracksuit_S49435__2_.jpg;Dres Dziecięcy;Rozmiary:  164  176 116, Kolor: Czarny , Czerwony, Sezon: Wiosna/Lato;1;200;1;Odzież dziecięca
348;Reebok Dres Dziecięcy Tricot Tracksuit;79.99;https://img.citysport.com.pl/product_img_thumbs_position/cbx350x525/reebok_tricot_tracksuit_S49448__1_.jpg,https://img.citysport.com.pl/product_img_thumbs_position/cbx350x525/reebok_tricot_tracksuit_S49448__2_.jpg;Dres Dziecięcy;Rozmiary:  152  164  176 116, Kolor: Różowy , Granatowy, Sezon: Wiosna/Lato;1;200;1;Odzież dziecięca
349;Reebok Dres Dziecięcy Tricot Tracksuit;79.99;https://img.citysport.com.pl/product_img_thumbs_position/cbx350x525/reebok_tricot_tracksuit_S49434__1_.jpg,https://img.citysport.com.pl/product_img_thumbs_position/cbx350x525/reebok_tricot_tracksuit_S49434__2_.jpg;Dres Dziecięcy;Rozmiary:  164  176 116, Kolor: Niebieski , Granatowy, Sezon: Wiosna/Lato;1;200;1;Odzież dziecięca
350;Reebok Dres Dziecięcy Tricot Tracksuit;79.99;https://img.citysport.com.pl/product_img_thumbs_position/cbx350x525/reebok_tricot_tracksuit_S49446__1_.jpg,https://img.citysport.com.pl/product_img_thumbs_position/cbx350x525/reebok_tricot_tracksuit_S49446__2_.jpg;Dres Dziecięcy;Rozmiary:  140  152  164  176 116, Kolor: Czarny , Różowy, Sezon: Wiosna/Lato;1;200;1;Odzież dziecięca
351;Reebok Dres Dziecięcy Tricot Tracksuit;79.99;https://img.citysport.com.pl/product_img_thumbs_position/cbx350x525/reebok_tricot_tracksuit_S49438__1_.jpg,https://img.citysport.com.pl/product_img_thumbs_position/cbx350x525/reebok_tricot_tracksuit_S49438__2_.jpg;Dres Dziecięcy;Rozmiary:  176 164, Kolor: Żółty , Grafitowy, Sezon: Wiosna/Lato;1;200;1;Odzież dziecięca
352;Reebok Dres Dziecięcy Tricot Tracksuit;79.99;https://img.citysport.com.pl/product_img_thumbs_position/cbx350x525/reebok_tricot_tracksuit_S49444__1_.jpg,https://img.citysport.com.pl/product_img_thumbs_position/cbx350x525/reebok_tricot_tracksuit_S49444__2_.jpg;Dres Dziecięcy;Rozmiary:  116  128  140  152  164  176 104, Kolor: Czarny , Fioletowy, Sezon: Wiosna/Lato;1;200;1;Odzież dziecięca
353;Nike Dres Dziecięcy;99.99;https://img.citysport.com.pl/product_img_thumbs_position/cbx350x525/nike_506208_071__1_.jpg,https://img.citysport.com.pl/product_img_thumbs_position/cbx350x525/nike_506208_071__2_.jpg;Dres Dziecięcy;Rozmiary:  158  170 146, Kolor: Szary , Różowy, Sezon: Wiosna/Lato;1;200;1;Odzież dziecięca
354;Nike Dres Dziecięcy Sporting Excellence;99.99;https://img.citysport.com.pl/product_img_thumbs_position/cbx350x525/nike_sporting_excellence_506208_507__1_.jpg,https://img.citysport.com.pl/product_img_thumbs_position/cbx350x525/nike_sporting_excellence_506208_507__4_.jpg;Dres Dziecięcy;Rozmiary:  146  158  170 134, Kolor: Czarny , Szary , Różowy, Sezon: Jesień/Zima;1;200;1;Odzież dziecięca
355;Reebok Dresy Dziecięce B TS Woven OH;99.99;https://img.citysport.com.pl/product_img_thumbs_position/cbx350x525/reebok_b_ts_woven_oh_Z23190__1_.jpg,https://img.citysport.com.pl/product_img_thumbs_position/cbx350x525/reebok_b_ts_woven_oh_Z23190__5_.jpg;Dres Dziecięcy;Rozmiary: 176, Kolor: Czarny , Biały, Sezon: Wiosna/Lato;1;200;1;Odzież dziecięca
356;Nike Dres Dziecięcy Lux Warm UP BK;99.99;https://img.citysport.com.pl/product_img_thumbs_position/cbx350x525/nike_lux_warm_up_bk_508514_451__10_.jpg,https://img.citysport.com.pl/product_img_thumbs_position/cbx350x525/nike_lux_warm_up_bk_508514_451__6_.jpg;Dres Dziecięcy;Rozmiary: 170, Kolor: Granatowy, Sezon: Jesień/Zima;1;200;1;Odzież dziecięca
357;Nike Dres Dziecięcy Stripe Velur;99.99;https://img.citysport.com.pl/product_img_thumbs_position/cbx350x525/nike_striped_velur_481539_010__1_.jpg,https://img.citysport.com.pl/product_img_thumbs_position/cbx350x525/nike_striped_velur_481539_010__7_.jpg;Dres Dziecięcy;Rozmiary:  170 146, Kolor: Czarny;1;200;1;Odzież dziecięca
358;Nike Dres Młodzieżowy;99.99;https://img.citysport.com.pl/product_img_thumbs_position/cbx350x525/394113_625.jpg,https://img.citysport.com.pl/product_img_thumbs_position/cbx350x525/394113_625__6_.jpg;Dres Dziecięcy;Rozmiary: 170, Kolor: Różowy , Granatowy;1;200;1;Odzież dziecięca
359;Reebok Dres Dziecięcy Tracksuit;119.99;https://img.citysport.com.pl/product_img_thumbs_position/cbx350x525/796092.jpg,https://img.citysport.com.pl/product_img_thumbs_position/cbx350x525/796092_dres_reebok~1.jpg; ;Rozmiary: 16;1;200;1;Odzież dziecięca
360;Dres Nike NSW TRK SUIT BF "Black";239.99;https://img.citysport.com.pl/product_img_thumbs_position/cbx350x525/830562_010_PHCBH001_3144.jpg,https://img.citysport.com.pl/product_img_thumbs_position/cbx350x525/830562_010_PHCFH001_3144_kafel~1.jpg;Dres Dziecięcy;Rozmiary: XL, Kolor: Czarny, Sezon: Wiosna/Lato;1;200;1;Odzież dziecięca
361;Dresy adidas I TRF FT SST "Black";229.99;https://img.citysport.com.pl/product_img_thumbs_position/cbx350x525/dresy_adidas_I_TRF_FT_SST_BK5751_APP_photo_back_top_part_white.jpg,https://img.citysport.com.pl/product_img_thumbs_position/cbx350x525/dresy_adidas_I_TRF_FT_SST_BK5751_APP_photo_front_white_kafel~1.jpg;Dres Dziecięcy;Rozmiary:  104  110  116 98, Kolor: Czarny, Sezon: Wiosna/Lato;1;200;1;Odzież dziecięca
362;Dresy adidas I TRF FT SST "Medium Grey";199.99;https://img.citysport.com.pl/product_img_thumbs_position/cbx350x525/dresy_adidas_I_TRF_FT_SST_BK4630_APP_photo_back_top_part_white.jpg,https://img.citysport.com.pl/product_img_thumbs_position/cbx350x525/dresy_adidas_I_TRF_FT_SST_BK4630_APP_photo_front_white_kafel~1.jpg;Dres Dziecięcy;Rozmiary:  104  110  116 98, Kolor: Szary, Sezon: Wiosna/Lato;1;200;1;Odzież dziecięca
363;Puma Dres Dziecięcy Fun Hooded Sweat Suit;119.99;https://img.citysport.com.pl/product_img_thumbs_position/cbx350x525/puma_fun_hooded_sweat_suit_83236302__1_.jpg,https://img.citysport.com.pl/product_img_thumbs_position/cbx350x525/puma_fun_hooded_sweat_suit_83236302__2_.jpg;Dres Dziecięcy;Rozmiary:  164 152, Kolor: Szary , Różowy, Sezon: Wiosna/Lato;1;200;1;Odzież dziecięca
364;Kappa Dres Dziecięcy Ephraim;69.99;https://img.citysport.com.pl/product_img_thumbs_position/cbx350x525/kappa_ephraim_702759J304__1_.jpg,https://img.citysport.com.pl/product_img_thumbs_position/cbx350x525/kappa_ephraim_702759J304__2_.jpg;Dres Dziecięcy;Rozmiary: 176, Kolor: Czarny , Zielony, Sezon: Wiosna/Lato;1;200;1;Odzież dziecięca
365;Kappa Dres Dziecięcy Till Kids;69.99;https://img.citysport.com.pl/product_img_thumbs_position/cbx350x525/kappa_till_kids_303307J895__1_.jpg,https://img.citysport.com.pl/product_img_thumbs_position/cbx350x525/kappa_till_kids_303307J895__2_.jpg;Dres Dziecięcy;Rozmiary: 176, Kolor: Czarny , Niebieski, Sezon: Wiosna/Lato;1;200;1;Odzież dziecięca
366;Nike Dres Dziecięcy YA ADJ Wvn GPX II Wup Yth Were;159.99;https://img.citysport.com.pl/product_img_thumbs_position/cbx350x525/nike_ya_adj_wvn_gpx_wup_yth_were_724287_451__1_.jpg,https://img.citysport.com.pl/product_img_thumbs_position/cbx350x525/nike_ya_adj_wvn_gpx_wup_yth_were_724287_451__2_.jpg;Dres Dziecięcy;Rozmiary:  158  170 146, Kolor: Granatowy, Sezon: Wiosna/Lato;1;200;1;Odzież dziecięca
367;Reebok Dres Dziecięcy Tricot Tracksuit;79.99;https://img.citysport.com.pl/product_img_thumbs_position/cbx350x525/reebok_tricot_tracksuit_S49435__1_.jpg,https://img.citysport.com.pl/product_img_thumbs_position/cbx350x525/reebok_tricot_tracksuit_S49435__2_.jpg;Dres Dziecięcy;Rozmiary:  164  176 116, Kolor: Czarny , Czerwony, Sezon: Wiosna/Lato;1;200;1;Odzież dziecięca
368;Reebok Dres Dziecięcy Tricot Tracksuit;79.99;https://img.citysport.com.pl/product_img_thumbs_position/cbx350x525/reebok_tricot_tracksuit_S49448__1_.jpg,https://img.citysport.com.pl/product_img_thumbs_position/cbx350x525/reebok_tricot_tracksuit_S49448__2_.jpg;Dres Dziecięcy;Rozmiary:  152  164  176 116, Kolor: Różowy , Granatowy, Sezon: Wiosna/Lato;1;200;1;Odzież dziecięca
369;Reebok Dres Dziecięcy Tricot Tracksuit;79.99;https://img.citysport.com.pl/product_img_thumbs_position/cbx350x525/reebok_tricot_tracksuit_S49434__1_.jpg,https://img.citysport.com.pl/product_img_thumbs_position/cbx350x525/reebok_tricot_tracksuit_S49434__2_.jpg;Dres Dziecięcy;Rozmiary:  164  176 116, Kolor: Niebieski , Granatowy, Sezon: Wiosna/Lato;1;200;1;Odzież dziecięca
370;Reebok Dres Dziecięcy Tricot Tracksuit;79.99;https://img.citysport.com.pl/product_img_thumbs_position/cbx350x525/reebok_tricot_tracksuit_S49446__1_.jpg,https://img.citysport.com.pl/product_img_thumbs_position/cbx350x525/reebok_tricot_tracksuit_S49446__2_.jpg;Dres Dziecięcy;Rozmiary:  140  152  164  176 116, Kolor: Czarny , Różowy, Sezon: Wiosna/Lato;1;200;1;Odzież dziecięca
371;Reebok Dres Dziecięcy Tricot Tracksuit;79.99;https://img.citysport.com.pl/product_img_thumbs_position/cbx350x525/reebok_tricot_tracksuit_S49438__1_.jpg,https://img.citysport.com.pl/product_img_thumbs_position/cbx350x525/reebok_tricot_tracksuit_S49438__2_.jpg;Dres Dziecięcy;Rozmiary:  176 164, Kolor: Żółty , Grafitowy, Sezon: Wiosna/Lato;1;200;1;Odzież dziecięca
372;Reebok Dres Dziecięcy Tricot Tracksuit;79.99;https://img.citysport.com.pl/product_img_thumbs_position/cbx350x525/reebok_tricot_tracksuit_S49444__1_.jpg,https://img.citysport.com.pl/product_img_thumbs_position/cbx350x525/reebok_tricot_tracksuit_S49444__2_.jpg;Dres Dziecięcy;Rozmiary:  116  128  140  152  164  176 104, Kolor: Czarny , Fioletowy, Sezon: Wiosna/Lato;1;200;1;Odzież dziecięca
373;Nike Dres Dziecięcy;99.99;https://img.citysport.com.pl/product_img_thumbs_position/cbx350x525/nike_506208_071__1_.jpg,https://img.citysport.com.pl/product_img_thumbs_position/cbx350x525/nike_506208_071__2_.jpg;Dres Dziecięcy;Rozmiary:  158  170 146, Kolor: Szary , Różowy, Sezon: Wiosna/Lato;1;200;1;Odzież dziecięca
374;Nike Dres Dziecięcy Sporting Excellence;99.99;https://img.citysport.com.pl/product_img_thumbs_position/cbx350x525/nike_sporting_excellence_506208_507__1_.jpg,https://img.citysport.com.pl/product_img_thumbs_position/cbx350x525/nike_sporting_excellence_506208_507__4_.jpg;Dres Dziecięcy;Rozmiary:  146  158  170 134, Kolor: Czarny , Szary , Różowy, Sezon: Jesień/Zima;1;200;1;Odzież dziecięca
375;Reebok Dresy Dziecięce B TS Woven OH;99.99;https://img.citysport.com.pl/product_img_thumbs_position/cbx350x525/reebok_b_ts_woven_oh_Z23190__1_.jpg,https://img.citysport.com.pl/product_img_thumbs_position/cbx350x525/reebok_b_ts_woven_oh_Z23190__5_.jpg;Dres Dziecięcy;Rozmiary: 176, Kolor: Czarny , Biały, Sezon: Wiosna/Lato;1;200;1;Odzież dziecięca
376;Nike Dres Dziecięcy Lux Warm UP BK;99.99;https://img.citysport.com.pl/product_img_thumbs_position/cbx350x525/nike_lux_warm_up_bk_508514_451__10_.jpg,https://img.citysport.com.pl/product_img_thumbs_position/cbx350x525/nike_lux_warm_up_bk_508514_451__6_.jpg;Dres Dziecięcy;Rozmiary: 170, Kolor: Granatowy, Sezon: Jesień/Zima;1;200;1;Odzież dziecięca
377;Nike Dres Dziecięcy Stripe Velur;99.99;https://img.citysport.com.pl/product_img_thumbs_position/cbx350x525/nike_striped_velur_481539_010__1_.jpg,https://img.citysport.com.pl/product_img_thumbs_position/cbx350x525/nike_striped_velur_481539_010__7_.jpg;Dres Dziecięcy;Rozmiary:  170 146, Kolor: Czarny;1;200;1;Odzież dziecięca
378;Nike Dres Młodzieżowy;99.99;https://img.citysport.com.pl/product_img_thumbs_position/cbx350x525/394113_625.jpg,https://img.citysport.com.pl/product_img_thumbs_position/cbx350x525/394113_625__6_.jpg;Dres Dziecięcy;Rozmiary: 170, Kolor: Różowy , Granatowy;1;200;1;Odzież dziecięca
379;Reebok Dres Dziecięcy Tracksuit;119.99;https://img.citysport.com.pl/product_img_thumbs_position/cbx350x525/796092.jpg,https://img.citysport.com.pl/product_img_thumbs_position/cbx350x525/796092_dres_reebok~1.jpg; ;Rozmiary: 16;1;200;1;Odzież dziecięca
380;Dres Nike NSW TRK SUIT BF "Black";239.99;https://img.citysport.com.pl/product_img_thumbs_position/cbx350x525/830562_010_PHCBH001_3144.jpg,https://img.citysport.com.pl/product_img_thumbs_position/cbx350x525/830562_010_PHCFH001_3144_kafel~1.jpg;Dres Dziecięcy;Rozmiary: XL, Kolor: Czarny, Sezon: Wiosna/Lato;1;200;1;Odzież dziecięca
381;Dresy adidas I TRF FT SST "Black";229.99;https://img.citysport.com.pl/product_img_thumbs_position/cbx350x525/dresy_adidas_I_TRF_FT_SST_BK5751_APP_photo_back_top_part_white.jpg,https://img.citysport.com.pl/product_img_thumbs_position/cbx350x525/dresy_adidas_I_TRF_FT_SST_BK5751_APP_photo_front_white_kafel~1.jpg;Dres Dziecięcy;Rozmiary:  104  110  116 98, Kolor: Czarny, Sezon: Wiosna/Lato;1;200;1;Odzież dziecięca
382;Dresy adidas I TRF FT SST "Medium Grey";199.99;https://img.citysport.com.pl/product_img_thumbs_position/cbx350x525/dresy_adidas_I_TRF_FT_SST_BK4630_APP_photo_back_top_part_white.jpg,https://img.citysport.com.pl/product_img_thumbs_position/cbx350x525/dresy_adidas_I_TRF_FT_SST_BK4630_APP_photo_front_white_kafel~1.jpg;Dres Dziecięcy;Rozmiary:  104  110  116 98, Kolor: Szary, Sezon: Wiosna/Lato;1;200;1;Odzież dziecięca
383;Puma Dres Dziecięcy Fun Hooded Sweat Suit;119.99;https://img.citysport.com.pl/product_img_thumbs_position/cbx350x525/puma_fun_hooded_sweat_suit_83236302__1_.jpg,https://img.citysport.com.pl/product_img_thumbs_position/cbx350x525/puma_fun_hooded_sweat_suit_83236302__2_.jpg;Dres Dziecięcy;Rozmiary:  164 152, Kolor: Szary , Różowy, Sezon: Wiosna/Lato;1;200;1;Odzież dziecięca
384;Kappa Dres Dziecięcy Ephraim;69.99;https://img.citysport.com.pl/product_img_thumbs_position/cbx350x525/kappa_ephraim_702759J304__1_.jpg,https://img.citysport.com.pl/product_img_thumbs_position/cbx350x525/kappa_ephraim_702759J304__2_.jpg;Dres Dziecięcy;Rozmiary: 176, Kolor: Czarny , Zielony, Sezon: Wiosna/Lato;1;200;1;Odzież dziecięca
385;Kappa Dres Dziecięcy Till Kids;69.99;https://img.citysport.com.pl/product_img_thumbs_position/cbx350x525/kappa_till_kids_303307J895__1_.jpg,https://img.citysport.com.pl/product_img_thumbs_position/cbx350x525/kappa_till_kids_303307J895__2_.jpg;Dres Dziecięcy;Rozmiary: 176, Kolor: Czarny , Niebieski, Sezon: Wiosna/Lato;1;200;1;Odzież dziecięca
386;Nike Dres Dziecięcy YA ADJ Wvn GPX II Wup Yth Were;159.99;https://img.citysport.com.pl/product_img_thumbs_position/cbx350x525/nike_ya_adj_wvn_gpx_wup_yth_were_724287_451__1_.jpg,https://img.citysport.com.pl/product_img_thumbs_position/cbx350x525/nike_ya_adj_wvn_gpx_wup_yth_were_724287_451__2_.jpg;Dres Dziecięcy;Rozmiary:  158  170 146, Kolor: Granatowy, Sezon: Wiosna/Lato;1;200;1;Odzież dziecięca
387;Reebok Dres Dziecięcy Tricot Tracksuit;79.99;https://img.citysport.com.pl/product_img_thumbs_position/cbx350x525/reebok_tricot_tracksuit_S49435__1_.jpg,https://img.citysport.com.pl/product_img_thumbs_position/cbx350x525/reebok_tricot_tracksuit_S49435__2_.jpg;Dres Dziecięcy;Rozmiary:  164  176 116, Kolor: Czarny , Czerwony, Sezon: Wiosna/Lato;1;200;1;Odzież dziecięca
388;Reebok Dres Dziecięcy Tricot Tracksuit;79.99;https://img.citysport.com.pl/product_img_thumbs_position/cbx350x525/reebok_tricot_tracksuit_S49448__1_.jpg,https://img.citysport.com.pl/product_img_thumbs_position/cbx350x525/reebok_tricot_tracksuit_S49448__2_.jpg;Dres Dziecięcy;Rozmiary:  152  164  176 116, Kolor: Różowy , Granatowy, Sezon: Wiosna/Lato;1;200;1;Odzież dziecięca
389;Reebok Dres Dziecięcy Tricot Tracksuit;79.99;https://img.citysport.com.pl/product_img_thumbs_position/cbx350x525/reebok_tricot_tracksuit_S49434__1_.jpg,https://img.citysport.com.pl/product_img_thumbs_position/cbx350x525/reebok_tricot_tracksuit_S49434__2_.jpg;Dres Dziecięcy;Rozmiary:  164  176 116, Kolor: Niebieski , Granatowy, Sezon: Wiosna/Lato;1;200;1;Odzież dziecięca
390;Reebok Dres Dziecięcy Tricot Tracksuit;79.99;https://img.citysport.com.pl/product_img_thumbs_position/cbx350x525/reebok_tricot_tracksuit_S49446__1_.jpg,https://img.citysport.com.pl/product_img_thumbs_position/cbx350x525/reebok_tricot_tracksuit_S49446__2_.jpg;Dres Dziecięcy;Rozmiary:  140  152  164  176 116, Kolor: Czarny , Różowy, Sezon: Wiosna/Lato;1;200;1;Odzież dziecięca
391;Reebok Dres Dziecięcy Tricot Tracksuit;79.99;https://img.citysport.com.pl/product_img_thumbs_position/cbx350x525/reebok_tricot_tracksuit_S49438__1_.jpg,https://img.citysport.com.pl/product_img_thumbs_position/cbx350x525/reebok_tricot_tracksuit_S49438__2_.jpg;Dres Dziecięcy;Rozmiary:  176 164, Kolor: Żółty , Grafitowy, Sezon: Wiosna/Lato;1;200;1;Odzież dziecięca
392;Reebok Dres Dziecięcy Tricot Tracksuit;79.99;https://img.citysport.com.pl/product_img_thumbs_position/cbx350x525/reebok_tricot_tracksuit_S49444__1_.jpg,https://img.citysport.com.pl/product_img_thumbs_position/cbx350x525/reebok_tricot_tracksuit_S49444__2_.jpg;Dres Dziecięcy;Rozmiary:  116  128  140  152  164  176 104, Kolor: Czarny , Fioletowy, Sezon: Wiosna/Lato;1;200;1;Odzież dziecięca
393;Nike Dres Dziecięcy;99.99;https://img.citysport.com.pl/product_img_thumbs_position/cbx350x525/nike_506208_071__1_.jpg,https://img.citysport.com.pl/product_img_thumbs_position/cbx350x525/nike_506208_071__2_.jpg;Dres Dziecięcy;Rozmiary:  158  170 146, Kolor: Szary , Różowy, Sezon: Wiosna/Lato;1;200;1;Odzież dziecięca
394;Nike Dres Dziecięcy Sporting Excellence;99.99;https://img.citysport.com.pl/product_img_thumbs_position/cbx350x525/nike_sporting_excellence_506208_507__1_.jpg,https://img.citysport.com.pl/product_img_thumbs_position/cbx350x525/nike_sporting_excellence_506208_507__4_.jpg;Dres Dziecięcy;Rozmiary:  146  158  170 134, Kolor: Czarny , Szary , Różowy, Sezon: Jesień/Zima;1;200;1;Odzież dziecięca
395;Reebok Dresy Dziecięce B TS Woven OH;99.99;https://img.citysport.com.pl/product_img_thumbs_position/cbx350x525/reebok_b_ts_woven_oh_Z23190__1_.jpg,https://img.citysport.com.pl/product_img_thumbs_position/cbx350x525/reebok_b_ts_woven_oh_Z23190__5_.jpg;Dres Dziecięcy;Rozmiary: 176, Kolor: Czarny , Biały, Sezon: Wiosna/Lato;1;200;1;Odzież dziecięca
396;Nike Dres Dziecięcy Lux Warm UP BK;99.99;https://img.citysport.com.pl/product_img_thumbs_position/cbx350x525/nike_lux_warm_up_bk_508514_451__10_.jpg,https://img.citysport.com.pl/product_img_thumbs_position/cbx350x525/nike_lux_warm_up_bk_508514_451__6_.jpg;Dres Dziecięcy;Rozmiary: 170, Kolor: Granatowy, Sezon: Jesień/Zima;1;200;1;Odzież dziecięca
397;Nike Dres Dziecięcy Stripe Velur;99.99;https://img.citysport.com.pl/product_img_thumbs_position/cbx350x525/nike_striped_velur_481539_010__1_.jpg,https://img.citysport.com.pl/product_img_thumbs_position/cbx350x525/nike_striped_velur_481539_010__7_.jpg;Dres Dziecięcy;Rozmiary:  170 146, Kolor: Czarny;1;200;1;Odzież dziecięca
398;Nike Dres Młodzieżowy;99.99;https://img.citysport.com.pl/product_img_thumbs_position/cbx350x525/394113_625.jpg,https://img.citysport.com.pl/product_img_thumbs_position/cbx350x525/394113_625__6_.jpg;Dres Dziecięcy;Rozmiary: 170, Kolor: Różowy , Granatowy;1;200;1;Odzież dziecięca
399;Reebok Dres Dziecięcy Tracksuit;119.99;https://img.citysport.com.pl/product_img_thumbs_position/cbx350x525/796092.jpg,https://img.citysport.com.pl/product_img_thumbs_position/cbx350x525/796092_dres_reebok~1.jpg; ;Rozmiary: 16;1;200;1;Odzież dziecięca
400;Koszulka Nike Dry Tee Garcons Boys "Black";79.99;https://img.citysport.com.pl/product_img_thumbs_position/cbx350x525/862665_010_PHSBH001_3144.jpg,https://img.citysport.com.pl/product_img_thumbs_position/cbx350x525/862665_010_PHSFH001_3144_kafel~1.jpg;Koszulka Dziecięca;Rozmiary:  L  M S, Kolor: Czarny, Sezon: Jesień/Zima;1;200;1;Odzież dziecięca
401;Koszulka Nike G NK TOP SS "Black";109.99;https://img.citysport.com.pl/product_img_thumbs_position/cbx350x525/830545_010_PHSBH001_3144.jpg,https://img.citysport.com.pl/product_img_thumbs_position/cbx350x525/830545_010_PHSFH001_3144_kafel~1.jpg;Koszulka Dziecięca;Rozmiary:  L  XL M, Kolor: Czarny, Sezon: Wiosna/Lato;1;200;1;Odzież dziecięca
402;Koszulka Nike Cristiano Ronaldo 7 B NK DRY TEE SS "Grey";99.99;https://img.citysport.com.pl/product_img_thumbs_position/cbx350x525/838183_063_PHSBH001_3144.jpg,https://img.citysport.com.pl/product_img_thumbs_position/cbx350x525/838183_063_PHSFH001_3144_kafel~1.jpg;Koszulka Dziecięca;Rozmiary:  XL L, Kolor: Szary, Sezon: Wiosna/Lato;1;200;1;Odzież dziecięca
403;Koszulka Nike B NSW TEE LS Futura Logo "Grey";79.99;https://img.citysport.com.pl/product_img_thumbs_position/cbx350x525/859868_063_PHSBH001_3144.jpg,https://img.citysport.com.pl/product_img_thumbs_position/cbx350x525/859868_063_PHSFH001_3144_kafel~1.jpg;Koszulka Dziecięca;Rozmiary:  XL L, Kolor: Szary, Sezon: Wiosna/Lato;1;200;1;Odzież dziecięca
404;Koszulka Nike G NK TOP SS "Grey";109.99;https://img.citysport.com.pl/product_img_thumbs_position/cbx350x525/830545_063_PHSBH001_3144~1.jpg,https://img.citysport.com.pl/product_img_thumbs_position/cbx350x525/830545_063_PHSFH001_3144_kafel~1.jpg;Koszulka Dziecięca;Rozmiary:  L  XL M, Kolor: Szary, Sezon: Wiosna/Lato;1;200;1;Odzież dziecięca
405;Koszulka Nike Just Do It Swoosh TEE YTH "Grey";74.99;https://img.citysport.com.pl/product_img_thumbs_position/cbx350x525/709952_066_PHSBH001_3144.jpg,https://img.citysport.com.pl/product_img_thumbs_position/cbx350x525/709952_066_PHSFH001_3144_kafel~1.jpg;Koszulka Dziecięca;Rozmiary:  L  XL M, Kolor: Szary, Sezon: Wiosna/Lato;1;200;1;Odzież dziecięca
406;Koszulka Nike Dz.B NSW TEE LS FUTURA LOGO "White";79.99;https://img.citysport.com.pl/product_img_thumbs_position/cbx350x525/859868_100_PHSBH001_3144.jpg,https://img.citysport.com.pl/product_img_thumbs_position/cbx350x525/859868_100_PHSFH001_3144_kafel~1.jpg;Koszulka Dziecięca;Rozmiary:  XL L, Kolor: Biały, Sezon: Wiosna/Lato;1;200;1;Odzież dziecięca
407;Koszulka Nike JUST DO IT. Swoosh Tee YTH "Black";74.99;https://img.citysport.com.pl/product_img_thumbs_position/cbx350x525/709952_010_PHSBH001_3144.jpg,https://img.citysport.com.pl/product_img_thumbs_position/cbx350x525/709952_010_PHSFH001_3144_kafel~1.jpg;Koszulka Dziecięca;Rozmiary:  L  XL M, Kolor: Czarny, Sezon: Jesień/Zima;1;200;1;Odzież dziecięca
408;Koszulka adidas Youth Boy BoS Tee "Black";59.99;https://img.citysport.com.pl/product_img_thumbs_position/cbx350x525/CD1982_APP_photo_back_white.jpg,https://img.citysport.com.pl/product_img_thumbs_position/cbx350x525/CD1982_APP_photo_front_white_kafel~1.jpg;Koszulka Dziecięca;Rozmiary:  164  176 152, Kolor: Czarny, Sezon: Jesień/Zima;1;200;1;Odzież dziecięca
409;Koszulka adidas Youth Boy BoS Tee "Collegiate Royal";59.99;https://img.citysport.com.pl/product_img_thumbs_position/cbx350x525/CD1984_APP_photo_back_white.jpg,https://img.citysport.com.pl/product_img_thumbs_position/cbx350x525/CD1984_APP_photo_front_white_kafel~1.jpg;Koszulka Dziecięca;Rozmiary:  164  176 152, Kolor: Niebieski, Sezon: Jesień/Zima;1;200;1;Odzież dziecięca
410;Koszulka adidas Linear Logo "Collegiate Navy";59.99;https://img.citysport.com.pl/product_img_thumbs_position/cbx350x525/Koszulka_adidas_LINEAR_LOGO_S97023__1_.jpg,https://img.citysport.com.pl/product_img_thumbs_position/cbx350x525/Koszulka_adidas_LINEAR_LOGO_S97023__5__kafel~1.jpg;Koszulka Dziecięca;Rozmiary: 176, Kolor: Granatowy, Sezon: Wiosna/Lato;1;200;1;Odzież dziecięca
411;Koszulka adidas Linear Logo "Core Green";59.99;https://img.citysport.com.pl/product_img_thumbs_position/cbx350x525/Koszulka_Adidas_LINEAR_LOGO_S97020__1_.jpg,https://img.citysport.com.pl/product_img_thumbs_position/cbx350x525/Koszulka_Adidas_LINEAR_LOGO_S97020__5__kafel~1.jpg;Koszulka Dziecięca;Rozmiary:  164  176 152, Kolor: Zielony, Sezon: Wiosna/Lato;1;200;1;Odzież dziecięca
412;Koszulka adidas Linear Logo "Blue";59.99;https://img.citysport.com.pl/product_img_thumbs_position/cbx350x525/Koszulka_Adidas_LINEAR_LOGO_S97021__1_.jpg,https://img.citysport.com.pl/product_img_thumbs_position/cbx350x525/Koszulka_Adidas_LINEAR_LOGO_S97021__5__kafel~1.jpg;Koszulka Dziecięca;Rozmiary: 176, Kolor: Niebieski, Sezon: Wiosna/Lato;1;200;1;Odzież dziecięca
413;'Koszulka Reebok Girls Workout Ready T-shirt ''MEDIUM GREY HEATHER"';39.99;https://img.citysport.com.pl/product_img_thumbs_position/cbx350x525/Koszulka_Reebok_Girls_Workout_Ready_T_shirt_BK4209__1_~1.jpg,https://img.citysport.com.pl/product_img_thumbs_position/cbx350x525/Koszulka_Reebok_Girls_Workout_Ready_T_shirt_BK4209__2_.jpg;Koszulka Dziecięca;Rozmiary:  128  140  152  164 116, Kolor: Szary, Sezon: Wiosna/Lato;1;200;1;Odzież dziecięca
414;Koszulka Reebok Girls Essentials Basic T-shirt "Collegiate Navy";39.99;https://img.citysport.com.pl/product_img_thumbs_position/cbx350x525/Koszulka_Reebok_Girls_Essentials_Basic_T_shirt_BK4266__1___kafel~1.jpg,https://img.citysport.com.pl/product_img_thumbs_position/cbx350x525/Koszulka_Reebok_Girls_Essentials_Basic_T_shirt_BK4266__2_.jpg;Koszulka Dziecięca;Rozmiary:  128  140  164 116, Kolor: Granatowy, Sezon: Wiosna/Lato;1;200;1;Odzież dziecięca
415;Koszulka Reebok Boys Essentials Polyester T-Shirt "CAROTENE S17-R";39.99;https://img.citysport.com.pl/product_img_thumbs_position/cbx350x525/Koszulka_Reebok_Boys_Essentials_Polyester_T_Shirt_BK3378__1___kafel~1.jpg,https://img.citysport.com.pl/product_img_thumbs_position/cbx350x525/Koszulka_Reebok_Boys_Essentials_Polyester_T_Shirt_BK3378__2_.jpg; ;Rozmiary:  128  164 116, Kolor: Czerwony, Sezon: Wiosna/Lato;1;200;1;Odzież dziecięca
416;Koszulka Reebok Boys Essentials Basic Plus T-Shirt "Kiwi Green F10-R";54.99;https://img.citysport.com.pl/product_img_thumbs_position/cbx350x525/Reebok_Koszulka_Boys_Essentials_Basic_Plus_T_Shirt_BK4253__1_kafel~2.jpg,https://img.citysport.com.pl/product_img_thumbs_position/cbx350x525/Reebok_Koszulka_Boys_Essentials_Basic_Plus_T_Shirt_BK4253__2_.jpg;Koszulka Dziecięca;Rozmiary:  152  164 140, Kolor: Zielony, Sezon: Wiosna/Lato;1;200;1;Odzież dziecięca
417;Koszulka Reebok Boys Essentials Polyester T-Shirt "Black";59.99;https://img.citysport.com.pl/product_img_thumbs_position/cbx350x525/Reebok_Koszulka_Boys_Essentials_Polyester_T_Shirt_BK3365__1_kafel~2.jpg,https://img.citysport.com.pl/product_img_thumbs_position/cbx350x525/Reebok_Koszulka_Boys_Essentials_Polyester_T_Shirt_BK3365__2_.jpg;Koszulka Dziecięca;Rozmiary:  152  164 140, Kolor: Czarny, Sezon: Wiosna/Lato;1;200;1;Odzież dziecięca
418;Koszulka adidas Linear Logo Boys "White";59.99;https://img.citysport.com.pl/product_img_thumbs_position/cbx350x525/Koszulka_Adidas_LINEAR_LOGO_S97022__1__kafel~1.jpg,https://img.citysport.com.pl/product_img_thumbs_position/cbx350x525/Koszulka_Adidas_LINEAR_LOGO_S97022__2_.jpg;Koszulka Dziecięca;Rozmiary:  164  176 152, Kolor: Granatowy, Sezon: Wiosna/Lato;1;200;1;Odzież dziecięca
419;Koszulka adidas Number Boys "Collegiate Navy";69.99;https://img.citysport.com.pl/product_img_thumbs_position/cbx350x525/Koszulka_Adidas_NUMBER_S97027__1_.jpg,https://img.citysport.com.pl/product_img_thumbs_position/cbx350x525/Koszulka_Adidas_NUMBER_S97027__3__kafel~1.jpg;Koszulka Dziecięca;Rozmiary:  164  176 152, Kolor: Granatowy, Sezon: Wiosna/Lato;1;200;1;Odzież dziecięca
420;Koszulka adidas Number Boys "White";69.99;https://img.citysport.com.pl/product_img_thumbs_position/cbx350x525/Koszulka_Adidas_NUMBER_S97029__2__kafel~1.jpg,https://img.citysport.com.pl/product_img_thumbs_position/cbx350x525/Koszulka_Adidas_NUMBER_S97029__6_.jpg;Koszulka Dziecięca;Rozmiary:  164  176 152, Kolor: Biały, Sezon: Wiosna/Lato;1;200;1;Odzież dziecięca
421;Koszulka adidas J TRF TEE "Blue";99.99;https://img.citysport.com.pl/product_img_thumbs_position/cbx350x525/koszulka_adidas_J_TRF_TEE_BK7298_APP_photo_back_white.jpg,https://img.citysport.com.pl/product_img_thumbs_position/cbx350x525/koszulka_adidas_J_TRF_TEE_BK7298_APP_photo_front_white_kafel~1.jpg;Koszulka Dziecięca;Rozmiary:  152  164 140, Kolor: Niebieski, Sezon: Wiosna/Lato;1;200;1;Odzież dziecięca
422;Koszulka adidas J TRF TEE "Ink";99.99;https://img.citysport.com.pl/product_img_thumbs_position/cbx350x525/koszulka_adidas_J_TRF_TEE_BJ8909_APP_photo_back_white.jpg,https://img.citysport.com.pl/product_img_thumbs_position/cbx350x525/koszulka_adidas_J_TRF_TEE_BJ8909_APP_photo_front_white_kafel~1.jpg;Koszulka Dziecięca;Rozmiary:  152 140, Kolor: Granatowy, Sezon: Wiosna/Lato;1;200;1;Odzież dziecięca
423;Koszulka adidas J TRF Tee "White";99.99;https://img.citysport.com.pl/product_img_thumbs_position/cbx350x525/koszulka_adidas_J_TRF_TEE_BJ8904_APP_photo_back_white.jpg,https://img.citysport.com.pl/product_img_thumbs_position/cbx350x525/koszulka_adidas_J_TRF_TEE_BJ8904_APP_photo_front_white_kafel~1.jpg;Koszulka Dziecięca;Rozmiary:  152  164 140, Kolor: Biały, Sezon: Wiosna/Lato;1;200;1;Odzież dziecięca
424;Koszulka adidas J Trefoil Tee G "Red";99.99;https://img.citysport.com.pl/product_img_thumbs_position/cbx350x525/koszulka_adidas_J_TREFOIL_TEE_G_BJ8993_APP_photo_back_white.jpg,https://img.citysport.com.pl/product_img_thumbs_position/cbx350x525/koszulka_adidas_J_TREFOIL_TEE_G_BJ8993_APP_photo_front_white_kafel~1.jpg;Koszulka Dziecięca;Rozmiary:  152 140, Kolor: Czerwony, Sezon: Wiosna/Lato;1;200;1;Odzież dziecięca
425;Koszulka adidas J Trefoil Tee G "Ink";99.99;https://img.citysport.com.pl/product_img_thumbs_position/cbx350x525/koszulka_adidas_J_TREFOIL_TEE_G_BJ8988_APP_photo_back_white.jpg,https://img.citysport.com.pl/product_img_thumbs_position/cbx350x525/koszulka_adidas_J_TREFOIL_TEE_G_BJ8988_APP_photo_front_white_kafel~1.jpg;Koszulka Dziecięca;Rozmiary:  152  164 140, Kolor: Granatowy, Sezon: Wiosna/Lato;1;200;1;Odzież dziecięca
426;adidas Koszulka Dziecięca YB DY SM PES Te;49.99;https://img.citysport.com.pl/product_img_thumbs_position/cbx350x525/adidas_yb_dy_sm_pes_te_M62980__1_.jpg,https://img.citysport.com.pl/product_img_thumbs_position/cbx350x525/adidas_yb_dy_sm_pes_te_M62980__2_.jpg;Koszulka Dziecięca;Rozmiary:  176 164, Kolor: Czarny, Sezon: Jesień/Zima;1;200;1;Odzież dziecięca
427;Asics Koszulka Dziecięca Stripes Tee;39.99;https://img.citysport.com.pl/product_img_thumbs_position/cbx350x525/asics_stripes_tee_113187JR0714__1_.jpg,https://img.citysport.com.pl/product_img_thumbs_position/cbx350x525/asics_stripes_tee_113187JR0714__2_.jpg;Koszulka Dziecięca;Rozmiary:  128  140  152  164 116, Kolor: Szary, Sezon: Jesień/Zima;1;200;1;Odzież dziecięca
428;Asics Koszulka Dziecięca Stripes Tee;39.99;https://img.citysport.com.pl/product_img_thumbs_position/cbx350x525/asics_stripes_tee_113187JR001__1_.jpg,https://img.citysport.com.pl/product_img_thumbs_position/cbx350x525/asics_stripes_tee_113187JR001__2_.jpg;Koszulka Dziecięca;Rozmiary:  128  140  152  164 116, Kolor: Biały, Sezon: Jesień/Zima;1;200;1;Odzież dziecięca
429;Asics Koszulka Dziecięca Stripes Tee;39.99;https://img.citysport.com.pl/product_img_thumbs_position/cbx350x525/asics_stripes_tee_113187JR8052__1_.jpg,https://img.citysport.com.pl/product_img_thumbs_position/cbx350x525/asics_stripes_tee_113187JR8052__2_.jpg;Koszulka Dziecięca;Rozmiary:  128  140  152  164 116, Kolor: Granatowy, Sezon: Jesień/Zima;1;200;1;Odzież dziecięca
430;Puma Koszulka Dziecięca Fun Ind Graphic Tee;39.99;https://img.citysport.com.pl/product_img_thumbs_position/cbx350x525/puma_fun_ind_graphic_tee_83670512__1_.jpg,https://img.citysport.com.pl/product_img_thumbs_position/cbx350x525/puma_fun_ind_graphic_tee_83670512__2_.jpg;Koszulka Dziecięca;Rozmiary: 140, Kolor: Granatowy, Sezon: Jesień/Zima;1;200;1;Odzież dziecięca
431;Nike Koszulka Dziecięca Neymar Hero TD Tee;49.99;https://img.citysport.com.pl/product_img_thumbs_position/cbx350x525/nike_neymar_hero_td_tee_yth_641770_421__1_.jpg,https://img.citysport.com.pl/product_img_thumbs_position/cbx350x525/nike_neymar_hero_td_tee_yth_641770_421__2_.jpg;Koszulka Dziecięca;Rozmiary: 170, Kolor: Granatowy, Sezon: Jesień/Zima;1;200;1;Odzież dziecięca
432;Kappa Koszulka Wallace "White";19.99;https://img.citysport.com.pl/product_img_thumbs_position/cbx350x525/kappa_wallace_303502J001__1_.jpg,https://img.citysport.com.pl/product_img_thumbs_position/cbx350x525/kappa_wallace_303502J001__2_.jpg;Koszulka Dziecięca;Rozmiary: 176, Kolor: Biały, Sezon: Jesień/Zima;1;200;1;Odzież dziecięca
433;Puma Koszulka Dziecięca Fun Graphic Ess Tee;49.99;https://img.citysport.com.pl/product_img_thumbs_position/cbx350x525/puma_fun_graphic_ess_tee_83425610__1_.jpg,https://img.citysport.com.pl/product_img_thumbs_position/cbx350x525/puma_fun_graphic_ess_tee_83425610__2_.jpg;Koszulka Dziecięca;Rozmiary:  128  140  152  164  176 116, Kolor: Niebieski, Sezon: Wiosna/Lato;1;200;1;Odzież dziecięca
434;Puma Koszulka Dziecięca Fun Graphic Ess Tee;49.99;https://img.citysport.com.pl/product_img_thumbs_position/cbx350x525/puma_fun_graphic_ess_tee_83425601__1_.jpg,https://img.citysport.com.pl/product_img_thumbs_position/cbx350x525/puma_fun_graphic_ess_tee_83425601__2_.jpg;Koszulka Dziecięca;Rozmiary:  116  140  152  176 104, Kolor: Czarny, Sezon: Wiosna/Lato;1;200;1;Odzież dziecięca
435;Le Coq Sportif Koszulka Dziecięca Abrito Tee;39.99;https://img.citysport.com.pl/product_img_thumbs_position/cbx350x525/le_coq_sportif_abrito_tee_1611373__1_.jpg,https://img.citysport.com.pl/product_img_thumbs_position/cbx350x525/le_coq_sportif_abrito_tee_1611373__2_.jpg;Koszulka Dziecięca;Rozmiary:  140  152  164 128, Kolor: Biały, Sezon: Wiosna/Lato;1;200;1;Odzież dziecięca
436;Kappa Koszulka Dziecięca Wanda;19.99;https://img.citysport.com.pl/product_img_thumbs_position/cbx350x525/kappa_wanda_303542J001__1_.jpg,https://img.citysport.com.pl/product_img_thumbs_position/cbx350x525/kappa_wanda_303542J001__2_.jpg;Koszulka Dziecięca;Rozmiary: 176, Kolor: Biały, Sezon: Wiosna/Lato;1;200;1;Odzież dziecięca
437;Nike Koszulka Dziecięca Tri-Blend Tech Pckt Tee;79.99;https://img.citysport.com.pl/product_img_thumbs_position/cbx350x525/nike_tri_blend_tech_pckt_tee_807339_063__1_.jpg,https://img.citysport.com.pl/product_img_thumbs_position/cbx350x525/nike_tri_blend_tech_pckt_tee_807339_063__2_.jpg;Koszulka Dziecięca;Rozmiary:  L  XL M, Kolor: Szary, Sezon: Wiosna/Lato;1;200;1;Odzież dziecięca
438;Nike Koszulka Dziecięca Airmax Power Char Tee;49.99;https://img.citysport.com.pl/product_img_thumbs_position/cbx350x525/nike_nike_airmax_power_char_tee_666801_435__1_.jpg,https://img.citysport.com.pl/product_img_thumbs_position/cbx350x525/nike_nike_airmax_power_char_tee_666801_435__2_.jpg;Koszulka Dziecięca;Rozmiary: XL, Kolor: Niebieski, Sezon: Wiosna/Lato;1;200;1;Odzież dziecięca
439;adidas Koszulka Dziecięca YB M Logo Tee;59.99;https://img.citysport.com.pl/product_img_thumbs_position/cbx350x525/adidas_yb_m_logo_tee_S08774__1_.jpg,https://img.citysport.com.pl/product_img_thumbs_position/cbx350x525/adidas_yb_m_logo_tee_S08774__2_.jpg;Koszulka Dziecięca;Rozmiary:  152  164  176 140, Kolor: Niebieski, Sezon: Wiosna/Lato;1;200;1;Odzież dziecięca
440;Nike Koszulka Dziecięca CTN V Neck Free Heart Tee;49.99;https://img.citysport.com.pl/product_img_thumbs_position/cbx350x525/nike_ctn_v_neck_free_heart_tee_709132_010__1_.jpg,https://img.citysport.com.pl/product_img_thumbs_position/cbx350x525/nike_ctn_v_neck_free_heart_tee_709132_010__2_.jpg;Koszulka Dziecięca;Rozmiary:  158  170 146, Kolor: Czarny, Sezon: Wiosna/Lato;1;200;1;Odzież dziecięca
441;adidas Koszulka Dziecięca YG W Ling Tee;39.99;https://img.citysport.com.pl/product_img_thumbs_position/cbx350x525/adidas_yg_w_b_ling_tee_S16423__1_.jpg,https://img.citysport.com.pl/product_img_thumbs_position/cbx350x525/adidas_yg_w_b_ling_tee_S16423__2_.jpg;Koszulka Dziecięca;Rozmiary:  152  164  170 140, Kolor: Niebieski, Sezon: Wiosna/Lato;1;200;1;Odzież dziecięca
442;adidas Koszulka Dziecięca YB RD Tee;49.99;https://img.citysport.com.pl/product_img_thumbs_position/cbx350x525/adidas_yb_rd_tee_S22634__1_.jpg,https://img.citysport.com.pl/product_img_thumbs_position/cbx350x525/adidas_yb_rd_tee_S22634__2_.jpg;Koszulka Dziecięca;Rozmiary: 176, Kolor: Szary, Sezon: Wiosna/Lato;1;200;1;Odzież dziecięca
443;adidas Koszulka Dziecięca YB M Logo Tee;59.99;https://img.citysport.com.pl/product_img_thumbs_position/cbx350x525/adidas_yb_m_logo_tee_S86339__1_.jpg,https://img.citysport.com.pl/product_img_thumbs_position/cbx350x525/adidas_yb_m_logo_tee_S86339__2_.jpg;Koszulka Dziecięca;Rozmiary:  164  176 152, Kolor: Biały, Sezon: Wiosna/Lato;1;200;1;Odzież dziecięca
444;Nike Koszulka Dziecięca Leg Core SPT JDI Vnck Tee;39.99;https://img.citysport.com.pl/product_img_thumbs_position/cbx350x525/nike_leg_core_spt_jdi_vneck_tee_807464_100__1_.jpg,https://img.citysport.com.pl/product_img_thumbs_position/cbx350x525/nike_leg_core_spt_jdi_vneck_tee_807464_100__2_.jpg;Koszulka Dziecięca;Rozmiary:  170 158, Kolor: Biały, Sezon: Wiosna/Lato;1;200;1;Odzież dziecięca
445;Nike Koszulka Dziecięca CTN 90 Moon TD Tee;49.99;https://img.citysport.com.pl/product_img_thumbs_position/cbx350x525/nike_ctn_90_moon_td_tee_807310_100__1_.jpg,https://img.citysport.com.pl/product_img_thumbs_position/cbx350x525/nike_ctn_90_moon_td_tee_807310_100__2_.jpg;Koszulka Dziecięca;Rozmiary:  170 158, Kolor: Biały, Sezon: Wiosna/Lato;1;200;1;Odzież dziecięca
446;Nike Koszulka Dziecięca Block TD Tank YTH;39.99;https://img.citysport.com.pl/product_img_thumbs_position/cbx350x525/nike_block_td_tank_807477_010__1_.jpg,https://img.citysport.com.pl/product_img_thumbs_position/cbx350x525/nike_block_td_tank_807477_010__2_.jpg;Koszulka Dziecięca;Rozmiary: 158, Kolor: Czarny, Sezon: Wiosna/Lato;1;200;1;Odzież dziecięca
447;Nike Koszulka Dziecięca Block TD Tank YTH;39.99;https://img.citysport.com.pl/product_img_thumbs_position/cbx350x525/nike_block_td_tank_807477_101__1_.jpg,https://img.citysport.com.pl/product_img_thumbs_position/cbx350x525/nike_block_td_tank_807477_101__2_.jpg;Koszulka Dziecięca;Rozmiary:  158  170 146, Kolor: Biały, Sezon: Wiosna/Lato;1;200;1;Odzież dziecięca
448;Nike Koszulka Dziecięca Block TD Tank YTH;39.99;https://img.citysport.com.pl/product_img_thumbs_position/cbx350x525/nike_block_td_tank_807477_063__1_.jpg,https://img.citysport.com.pl/product_img_thumbs_position/cbx350x525/nike_block_td_tank_807477_063__2_.jpg;Koszulka Dziecięca;Rozmiary:  158  170 146, Kolor: Szary, Sezon: Wiosna/Lato;1;200;1;Odzież dziecięca
449;Le Coq Sportif Koszulka Dziecięca Fiorentina Enfant Tenue;59.99;https://img.citysport.com.pl/product_img_thumbs_position/cbx350x525/le_coq_sportif_fiorentina_enfant_tenue_1521612__1_.jpg,https://img.citysport.com.pl/product_img_thumbs_position/cbx350x525/le_coq_sportif_fiorentina_enfant_tenue_1521612__2_.jpg;Koszulka Dziecięca;Rozmiary:  140  152  164 128, Kolor: Fioletowy, Sezon: Wiosna/Lato;1;200;1;Odzież dziecięca
450;Le Coq Sportif Koszulka Dziecięca Abrito Tee SS Inf;39.99;https://img.citysport.com.pl/product_img_thumbs_position/cbx350x525/le_coq_sportif_abrito_tee_ss_inf_1611372__1_.jpg,https://img.citysport.com.pl/product_img_thumbs_position/cbx350x525/le_coq_sportif_abrito_tee_ss_inf_1611372__2_.jpg;Koszulka Dziecięca;Rozmiary:  140  152  164 128, Kolor: Niebieski, Sezon: Wiosna/Lato;1;200;1;Odzież dziecięca
451;Le Coq Sportif Koszulka Dziecięca Abrito Tee SS Inf;39.99;https://img.citysport.com.pl/product_img_thumbs_position/cbx350x525/le_coq_sportif_abrito_tee_ss_inf_1611370__1_.jpg,https://img.citysport.com.pl/product_img_thumbs_position/cbx350x525/le_coq_sportif_abrito_tee_ss_inf_1611370__2_.jpg;Koszulka Dziecięca;Rozmiary:  140  152  164 128, Kolor: Czerwony, Sezon: Wiosna/Lato;1;200;1;Odzież dziecięca
452;Le Coq Sportif Koszulka Dziecięca Abrito Tee SS Inf;39.99;https://img.citysport.com.pl/product_img_thumbs_position/cbx350x525/le_coq_sportif_abrito_tee_ss_1611371__1_.jpg,https://img.citysport.com.pl/product_img_thumbs_position/cbx350x525/le_coq_sportif_abrito_tee_ss_1611371__2_.jpg;Koszulka Dziecięca;Rozmiary:  140  152  164 128, Kolor: Granatowy, Sezon: Wiosna/Lato;1;200;1;Odzież dziecięca
453;Kappa Koszulka Dziecięca Wanda;19.99;https://img.citysport.com.pl/product_img_thumbs_position/cbx350x525/kappa_wanda_303542J514__1_.jpg,https://img.citysport.com.pl/product_img_thumbs_position/cbx350x525/kappa_wanda_303542J514__2_.jpg;Koszulka Dziecięca;Rozmiary:  164  176 152, Kolor: Różowy, Sezon: Wiosna/Lato;1;200;1;Odzież dziecięca
454;Kappa Koszulka Dziecięca Wallace;19.99;https://img.citysport.com.pl/product_img_thumbs_position/cbx350x525/kappa_wallace_303502J540__1_.jpg,https://img.citysport.com.pl/product_img_thumbs_position/cbx350x525/kappa_wallace_303502J540__2_.jpg;Koszulka Męska;Rozmiary: 176, Kolor: Czerwony, Sezon: Wiosna/Lato;1;200;1;Odzież dziecięca
455;Kappa Koszulka Dziecięca Wallace;19.99;https://img.citysport.com.pl/product_img_thumbs_position/cbx350x525/kappa_wallace_303502J712__1_.jpg,https://img.citysport.com.pl/product_img_thumbs_position/cbx350x525/kappa_wallace_303502J712__2_.jpg;Koszulka Dziecięca;Rozmiary: 176, Kolor: Granatowy, Sezon: Wiosna/Lato;1;200;1;Odzież dziecięca
456;Kappa Koszulka Dziecięca Wallace;19.99;https://img.citysport.com.pl/product_img_thumbs_position/cbx350x525/kappa_wallace_303502J779__1_.jpg,https://img.citysport.com.pl/product_img_thumbs_position/cbx350x525/kappa_wallace_303502J779__2_.jpg;Koszulka Dziecięca;Rozmiary:  164  176 152, Kolor: Niebieski, Sezon: Jesień/Zima;1;200;1;Odzież dziecięca
457;Nike Koszulka Dziecięca Tri-Blend Tech Pckt Tee;69.99;https://img.citysport.com.pl/product_img_thumbs_position/cbx350x525/nike_tri_blend_tech_pckt_tee_807339_435__1_.jpg,https://img.citysport.com.pl/product_img_thumbs_position/cbx350x525/nike_tri_blend_tech_pckt_tee_807339_435__2_.jpg;Koszulka Dziecięca;Rozmiary:  158  170 146, Kolor: Niebieski, Sezon: Wiosna/Lato;1;200;1;Odzież dziecięca
458;adidas Koszulka Dziecięca LWA H Jsy Y;119.99;https://img.citysport.com.pl/product_img_thumbs_position/cbx350x525/adidas_lwa_h_jsy_y_S89000__1_.jpg,https://img.citysport.com.pl/product_img_thumbs_position/cbx350x525/adidas_lwa_h_jsy_y_S89000__2_.jpg;Koszulka Dziecięca;Rozmiary:  176 164, Kolor: Czarny , Biały, Sezon: Jesień/Zima;1;200;1;Odzież dziecięca
459;Nike Koszulka Dziecięca Elv Char AF1 Tee;39.99;https://img.citysport.com.pl/product_img_thumbs_position/cbx350x525/nike_elv_char_af1_tee_684069_480__1_.jpg,https://img.citysport.com.pl/product_img_thumbs_position/cbx350x525/nike_elv_char_af1_tee_684069_480__2_.jpg;Koszulka Dziecięca;Rozmiary: 170, Kolor: Niebieski, Sezon: Jesień/Zima;1;200;1;Odzież dziecięca
460;Nike Koszulka Dziecięca Elv Char AF1 Tee;49.99;https://img.citysport.com.pl/product_img_thumbs_position/cbx350x525/nike_elv_char_af1_tee_684069_063__1_.jpg,https://img.citysport.com.pl/product_img_thumbs_position/cbx350x525/nike_elv_char_af1_tee_684069_063__2_.jpg;Koszulka Dziecięca;Rozmiary: 170, Kolor: Szary, Sezon: Jesień/Zima;1;200;1;Odzież dziecięca
461;Puma Koszulka Dziecięca Italia Kids Graphic Tee;39.99;https://img.citysport.com.pl/product_img_thumbs_position/cbx350x525/puma_italia_kids_sticker_graphic_tee_73526305__1_.jpg,https://img.citysport.com.pl/product_img_thumbs_position/cbx350x525/puma_italia_kids_sticker_graphic_tee_73526305__2_.jpg;Koszulka Dziecięca;Rozmiary: 176, Kolor: Szary, Sezon: Wiosna/Lato;1;200;1;Odzież dziecięca
462;Puma Koszulka Dziecięca Italia Kids Graphic Tee;39.99;https://img.citysport.com.pl/product_img_thumbs_position/cbx350x525/puma_italia_graphic_tee_73535603__1_.jpg,https://img.citysport.com.pl/product_img_thumbs_position/cbx350x525/puma_italia_graphic_tee_73535603__2_.jpg;Koszulka Dziecięca;Rozmiary:  176 164, Kolor: Niebieski, Sezon: Wiosna/Lato;1;200;1;Odzież dziecięca
463;Puma Koszulka Dziecięca Italia Kids Graphic Tee;39.99;https://img.citysport.com.pl/product_img_thumbs_position/cbx350x525/puma_italia_graphic_tee_73535602__1_.jpg,https://img.citysport.com.pl/product_img_thumbs_position/cbx350x525/puma_italia_graphic_tee_73535602__2_.jpg;Koszulka Dziecięca;Rozmiary:  176 152, Kolor: Granatowy, Sezon: Wiosna/Lato;1;200;1;Odzież dziecięca
464;adidas Koszulka Dziecięca YG V Tee;29.99;https://img.citysport.com.pl/product_img_thumbs_position/cbx350x525/adidas_yg_v_tee_Z22871__1_.jpg,https://img.citysport.com.pl/product_img_thumbs_position/cbx350x525/adidas_yg_v_tee_Z22871__4_.jpg;Koszulka Dziecięca;Rozmiary: 170, Kolor: Biały , Czerwony, Sezon: Wiosna/Lato;1;200;1;Odzież dziecięca
465;Reebok Koszulka Dziecięca B GR Fashion T1;29.99;https://img.citysport.com.pl/product_img_thumbs_position/cbx350x525/reebok_b_gr_fashion_Z27175__1_.jpg,https://img.citysport.com.pl/product_img_thumbs_position/cbx350x525/reebok_b_gr_fashion_Z27175__5_.jpg;Koszulka Dziecięca;Rozmiary: 176, Kolor: Biały, Sezon: Wiosna/Lato;1;200;1;Odzież dziecięca
466;Nike Koszulka Dziecięca Campus LS Top;39.99;https://img.citysport.com.pl/product_img_thumbs_position/cbx350x525/nike_campus_ls_top_481540_504__1_.jpg,https://img.citysport.com.pl/product_img_thumbs_position/cbx350x525/nike_campus_ls_top_481540_504__4_.jpg;Koszulka Dziecięca;Rozmiary:  158  170 146, Kolor: Fioletowy , Granatowy;1;200;1;Odzież dziecięca
467;Nike Koszulka Dziecięca Elv Char AF1 Tee;49.99;https://img.citysport.com.pl/product_img_thumbs_position/cbx350x525/nike_elv_char_af1_tee_684069_063__1_.jpg,https://img.citysport.com.pl/product_img_thumbs_position/cbx350x525/nike_elv_char_af1_tee_684069_063__2_.jpg;Koszulka Dziecięca;Rozmiary: 170, Kolor: Szary, Sezon: Jesień/Zima;1;200;1;Odzież dziecięca
468;Puma Koszulka Dziecięca Italia Kids Graphic Tee;39.99;https://img.citysport.com.pl/product_img_thumbs_position/cbx350x525/puma_italia_kids_sticker_graphic_tee_73526305__1_.jpg,https://img.citysport.com.pl/product_img_thumbs_position/cbx350x525/puma_italia_kids_sticker_graphic_tee_73526305__2_.jpg;Koszulka Dziecięca;Rozmiary: 176, Kolor: Szary, Sezon: Wiosna/Lato;1;200;1;Odzież dziecięca
469;Puma Koszulka Dziecięca Italia Kids Graphic Tee;39.99;https://img.citysport.com.pl/product_img_thumbs_position/cbx350x525/puma_italia_graphic_tee_73535603__1_.jpg,https://img.citysport.com.pl/product_img_thumbs_position/cbx350x525/puma_italia_graphic_tee_73535603__2_.jpg;Koszulka Dziecięca;Rozmiary:  176 164, Kolor: Niebieski, Sezon: Wiosna/Lato;1;200;1;Odzież dziecięca
470;Puma Koszulka Dziecięca Italia Kids Graphic Tee;39.99;https://img.citysport.com.pl/product_img_thumbs_position/cbx350x525/puma_italia_graphic_tee_73535602__1_.jpg,https://img.citysport.com.pl/product_img_thumbs_position/cbx350x525/puma_italia_graphic_tee_73535602__2_.jpg;Koszulka Dziecięca;Rozmiary:  176 152, Kolor: Granatowy, Sezon: Wiosna/Lato;1;200;1;Odzież dziecięca
471;adidas Koszulka Dziecięca YG V Tee;29.99;https://img.citysport.com.pl/product_img_thumbs_position/cbx350x525/adidas_yg_v_tee_Z22871__1_.jpg,https://img.citysport.com.pl/product_img_thumbs_position/cbx350x525/adidas_yg_v_tee_Z22871__4_.jpg;Koszulka Dziecięca;;;;;Odzież dziecięca
